0.00814647,0.0115792
0.995864,-0.0057896
-1.00401,-0.0057896

0.0162978,0.0231549
0.991601,-0.0115774
-1.0079,-0.0115775

0.0244589,0.0347237
0.987208,-0.0173615
-1.01167,-0.0173622

0.0326347,0.046282
0.982682,-0.0231397
-1.01532,-0.0231423

0.0408299,0.0578262
0.978022,-0.0289099
-1.01885,-0.0289163

0.0490493,0.0693529
0.973224,-0.0346697
-1.02227,-0.0346831

0.0572977,0.0808582
0.968286,-0.0404166
-1.02558,-0.0404416

0.0655798,0.0923386
0.963205,-0.0461479
-1.02879,-0.0461907

0.0739001,0.10379
0.95798,-0.0518607
-1.03188,-0.0519295

0.0822633,0.115209
0.952607,-0.0575519
-1.03487,-0.0576571

0.0906737,0.126591
0.947084,-0.0632185
-1.03776,-0.0633727

0.0991357,0.137933
0.941409,-0.0688569
-1.04054,-0.0690757

0.107653,0.149229
0.935579,-0.0744636
-1.04323,-0.0747653

0.116231,0.160476
0.929592,-0.0800349
-1.04582,-0.080441

0.124872,0.171669
0.923447,-0.0855667
-1.04832,-0.0861023

0.133581,0.182804
0.91714,-0.091055
-1.05072,-0.0917488

0.142361,0.193875
0.910671,-0.0964954
-1.05303,-0.0973799

0.151216,0.204879
0.904037,-0.101883
-1.05525,-0.102995

0.160148,0.215809
0.897237,-0.107214
-1.05739,-0.108595

0.169161,0.226662
0.89027,-0.112483
-1.05943,-0.114178

0.178257,0.23743
0.883133,-0.117685
-1.06139,-0.119745

0.187438,0.24811
0.875827,-0.122815
-1.06326,-0.125295

0.196707,0.258696
0.86835,-0.127867
-1.06506,-0.130829

0.206066,0.269182
0.860702,-0.132837
-1.06677,-0.136345

0.215516,0.279561
0.852883,-0.137717
-1.0684,-0.141844

0.225058,0.28983
0.844893,-0.142503
-1.06995,-0.147326

0.234693,0.299981
0.836731,-0.14719
-1.07142,-0.152791

0.244421,0.310009
0.8284,-0.15177
-1.07282,-0.158239

0.254242,0.319908
0.819899,-0.156238
-1.07414,-0.16367

0.264157,0.329672
0.81123,-0.160589
-1.07539,-0.169083

0.274163,0.339295
0.802396,-0.164816
-1.07656,-0.174479

0.28426,0.348772
0.793397,-0.168914
-1.07766,-0.179858

0.294447,0.358097
0.784237,-0.172877
-1.07868,-0.18522

0.304721,0.367264
0.774918,-0.176699
-1.07964,-0.190565

0.31508,0.376267
0.765443,-0.180375
-1.08052,-0.195892

0.325521,0.385103
0.755817,-0.1839
-1.08134,-0.201203

0.336041,0.393765
0.746042,-0.187268
-1.08208,-0.206497

0.346636,0.402249
0.736124,-0.190475
-1.08276,-0.211775

0.357302,0.410551
0.726066,-0.193516
-1.08337,-0.217035

0.368035,0.418666
0.715873,-0.196387
-1.08391,-0.222279

0.37883,0.426591
0.705551,-0.199084
-1.08438,-0.227507

0.389682,0.434322
0.695105,-0.201604
-1.08479,-0.232718

0.400587,0.441856
0.68454,-0.203943
-1.08513,-0.237913

0.411539,0.44919
0.673863,-0.206099
-1.0854,-0.243091

0.422532,0.456323
0.663078,-0.208069
-1.08561,-0.248254

0.43356,0.463252
0.652193,-0.209852
-1.08575,-0.2534

0.444618,0.469976
0.641213,-0.211445
-1.08583,-0.258531

0.4557,0.476495
0.630145,-0.212849
-1.08584,-0.263646

0.466799,0.482806
0.618993,-0.214062
-1.08579,-0.268745

0.47791,0.488911
0.607766,-0.215083
-1.08568,-0.273828

0.489027,0.49481
0.596469,-0.215915
-1.0855,-0.278895

0.500143,0.500503
0.585107,-0.216556
-1.08525,-0.283947

0.511254,0.505991
0.573687,-0.217008
-1.08494,-0.288983

0.522352,0.511276
0.562214,-0.217272
-1.08457,-0.294004

0.533433,0.51636
0.550695,-0.217351
-1.08413,-0.299009

0.544492,0.521244
0.539133,-0.217246
-1.08363,-0.303998

0.555522,0.525932
0.527536,-0.216959
-1.08306,-0.308972

0.566519,0.530425
0.515906,-0.216494
-1.08243,-0.313931

0.577478,0.534727
0.50425,-0.215854
-1.08173,-0.318873

0.588395,0.53884
0.492572,-0.21504
-1.08097,-0.3238

0.599264,0.542769
0.480875,-0.214058
-1.08014,-0.328711

0.610083,0.546517
0.469164,-0.212911
-1.07925,-0.333606

0.620846,0.550087
0.457442,-0.211602
-1.07829,-0.338486

0.631551,0.553484
0.445712,-0.210135
-1.07726,-0.343349

0.642193,0.55671
0.433978,-0.208514
-1.07617,-0.348196

0.652771,0.559771
0.422243,-0.206745
-1.07501,-0.353027

0.66328,0.562671
0.410509,-0.20483
-1.07379,-0.357841

0.673718,0.565412
0.398778,-0.202774
-1.0725,-0.362638

0.684084,0.568
0.387052,-0.200582
-1.07114,-0.367419

0.694374,0.570439
0.375333,-0.198257
-1.06971,-0.372182

0.704586,0.572733
0.363623,-0.195805
-1.06821,-0.376928

0.714719,0.574886
0.351922,-0.19323
-1.06664,-0.381656

0.724772,0.576902
0.340232,-0.190536
-1.065,-0.386366

0.734743,0.578785
0.328554,-0.187727
-1.0633,-0.391058

0.74463,0.580539
0.316888,-0.184808
-1.06152,-0.395731

0.754433,0.582169
0.305234,-0.181783
-1.05967,-0.400385

0.76415,0.583677
0.293594,-0.178657
-1.05774,-0.40502

0.773782,0.585069
0.281966,-0.175434
-1.05575,-0.409635

0.783327,0.586347
0.270351,-0.172118
-1.05368,-0.414229

0.792786,0.587515
0.258749,-0.168712
-1.05153,-0.418803

0.802157,0.588577
0.247159,-0.165222
-1.04932,-0.423355

0.811441,0.589537
0.23558,-0.161652
-1.04702,-0.427885

0.820637,0.590397
0.224012,-0.158004
-1.04465,-0.432393

0.829746,0.591161
0.212454,-0.154284
-1.0422,-0.436877

0.838768,0.591833
0.200905,-0.150495
-1.03967,-0.441338

0.847703,0.592414
0.189365,-0.146641
-1.03707,-0.445774

0.85655,0.59291
0.177831,-0.142725
-1.03438,-0.450185

0.865312,0.593321
0.166303,-0.138752
-1.03161,-0.454569

0.873987,0.593652
0.154779,-0.134724
-1.02877,-0.458927

0.882577,0.593904
0.143259,-0.130647
-1.02584,-0.463257

0.891081,0.594081
0.13174,-0.126522
-1.02282,-0.467559

0.899502,0.594185
0.120221,-0.122354
-1.01972,-0.47183

0.907838,0.594218
0.1087,-0.118147
-1.01654,-0.476071

0.916091,0.594184
0.0971763,-0.113903
-1.01327,-0.480281

0.924262,0.594083
0.0856476,-0.109626
-1.00991,-0.484457

0.932351,0.593919
0.0741122,-0.10532
-1.00646,-0.488599

0.940359,0.593694
0.0625684,-0.100988
-1.00293,-0.492706

0.948287,0.593409
0.0510143,-0.0966327
-0.999301,-0.496776

0.956136,0.593067
0.0394481,-0.0922583
-0.995584,-0.500809

0.963906,0.592669
0.027868,-0.0878677
-0.991774,-0.504802

0.971598,0.592218
0.016272,-0.0834645
-0.98787,-0.508754

0.979213,0.591715
0.00465811,-0.0790519
-0.983871,-0.512663

0.986752,0.591162
-0.00697548,-0.0746332
-0.979777,-0.516528

0.994217,0.59056
-0.0186307,-0.0702119
-0.975586,-0.520348

1.00161,0.589911
-0.0303097,-0.0657913
-0.971297,-0.52412

1.00892,0.589217
-0.0420142,-0.0613747
-0.966909,-0.527842

1.01617,0.588478
-0.0537462,-0.0569657
-0.96242,-0.531513

1.02334,0.587698
-0.0655078,-0.0525676
-0.957831,-0.53513

1.03044,0.586875
-0.0773009,-0.048184
-0.953139,-0.538691

1.03747,0.586013
-0.0891272,-0.0438184
-0.948344,-0.542195

1.04443,0.585112
-0.100989,-0.0394743
-0.943445,-0.545638

1.05133,0.584174
-0.112888,-0.0351555
-0.93844,-0.549018

1.05816,0.583199
-0.124826,-0.0308655
-0.933329,-0.552333

1.06492,0.582189
-0.136804,-0.0266081
-0.928111,-0.55558

1.07161,0.581144
-0.148826,-0.0223872
-0.922785,-0.558757

1.07824,0.580066
-0.160891,-0.0182066
-0.917349,-0.561859

1.08481,0.578956
-0.173003,-0.0140703
-0.911803,-0.564885

1.09131,0.577814
-0.185162,-0.00998231
-0.906147,-0.567832

1.09775,0.576642
-0.197371,-0.00594679
-0.900379,-0.570695

1.10413,0.57544
-0.20963,-0.00196794
-0.894498,-0.573472

1.11045,0.574209
-0.221941,0.00194992
-0.888505,-0.576159

1.1167,0.57295
-0.234305,0.00580239
-0.882399,-0.578752

1.1229,0.571663
-0.246724,0.00958496
-0.876179,-0.581248

1.12904,0.57035
-0.259199,0.013293
-0.869844,-0.583643

1.13513,0.569011
-0.27173,0.0169219
-0.863396,-0.585933

1.14115,0.567646
-0.284319,0.0204667
-0.856833,-0.588113

1.14712,0.566257
-0.296966,0.0239225
-0.850156,-0.590179

1.15303,0.564843
-0.309671,0.0272844
-0.843364,-0.592128

1.15889,0.563406
-0.322435,0.0305472
-0.836458,-0.593953

1.1647,0.561946
-0.335259,0.0337056
-0.82944,-0.595651

1.17045,0.560463
-0.348141,0.0367542
-0.822308,-0.597217

1.17615,0.558958
-0.361083,0.0396878
-0.815064,-0.598646

1.18179,0.557432
-0.374083,0.0425007
-0.80771,-0.599932

1.18739,0.555884
-0.387141,0.0451873
-0.800247,-0.601071

1.19293,0.554315
-0.400256,0.047742
-0.792675,-0.602057

1.19842,0.552726
-0.413426,0.0501589
-0.784997,-0.602885

1.20387,0.551118
-0.426651,0.0524324
-0.777216,-0.60355

1.20926,0.549489
-0.439927,0.0545565
-0.769333,-0.604045

1.2146,0.547841
-0.453254,0.0565253
-0.76135,-0.604366

1.2199,0.546174
-0.466629,0.058333
-0.753272,-0.604507

1.22515,0.544489
-0.480048,0.0599737
-0.745101,-0.604463

1.23035,0.542785
-0.49351,0.0614417
-0.736841,-0.604227

1.23551,0.541063
-0.507009,0.062731
-0.728497,-0.603794

1.24061,0.539323
-0.520544,0.0638361
-0.720071,-0.603159

1.24568,0.537566
-0.534108,0.0647514
-0.71157,-0.602317

1.25069,0.535791
-0.547697,0.0654714
-0.702997,-0.601262

1.25567,0.533999
-0.561307,0.0659909
-0.69436,-0.59999

1.2606,0.53219
-0.574932,0.0663049
-0.685663,-0.598495

1.26548,0.530364
-0.588567,0.0664086
-0.676913,-0.596773

1.27032,0.528522
-0.602204,0.0662975
-0.668116,-0.59482

1.27512,0.526663
-0.615837,0.0659674
-0.659279,-0.592631

1.27987,0.524788
-0.62946,0.0654145
-0.65041,-0.590203

1.28458,0.522897
-0.643065,0.0646353
-0.641516,-0.587533

1.28925,0.52099
-0.656645,0.063627
-0.632605,-0.584617

1.29388,0.519067
-0.670192,0.0623869
-0.623686,-0.581454

1.29846,0.517128
-0.683697,0.060913
-0.614765,-0.578041

1.30301,0.515174
-0.697153,0.0592038
-0.605853,-0.574378

1.30751,0.513204
-0.710551,0.0572583
-0.596958,-0.570462

1.31197,0.511219
-0.723882,0.0550762
-0.588089,-0.566295

1.31639,0.509218
-0.737138,0.0526576
-0.579254,-0.561875

1.32077,0.507202
-0.750311,0.0500033
-0.570462,-0.557205

1.32511,0.50517
-0.76339,0.0471147
-0.561723,-0.552285

1.32941,0.503124
-0.776369,0.0439939
-0.553045,-0.547118

1.33367,0.501063
-0.789238,0.0406433
-0.544436,-0.541706

1.3379,0.498986
-0.80199,0.0370662
-0.535906,-0.536052

1.34208,0.496895
-0.814615,0.0332664
-0.527462,-0.530161

1.34622,0.494788
-0.827107,0.0292481
-0.519112,-0.524037

1.35032,0.492667
-0.839458,0.0250161
-0.510865,-0.517683

1.35439,0.490531
-0.85166,0.0205758
-0.502726,-0.511107

1.35841,0.488381
-0.863708,0.0159328
-0.494703,-0.504313

1.3624,0.486215
-0.875594,0.0110934
-0.486803,-0.497308

1.36634,0.484035
-0.887314,0.00606402
-0.47903,-0.490099

1.37025,0.48184
-0.898861,0.00085153
-0.471392,-0.482692

1.37412,0.479631
-0.910231,-0.00453697
-0.463891,-0.475094

1.37795,0.477407
-0.921419,-0.0100941
-0.456534,-0.467313

1.38175,0.475169
-0.932422,-0.0158125
-0.449324,-0.459356

1.3855,0.472916
-0.943237,-0.0216844
-0.442263,-0.451231

1.38922,0.470648
-0.953859,-0.0277021
-0.435356,-0.442946

1.39289,0.468367
-0.964288,-0.0338578
-0.428604,-0.434509

1.39653,0.466071
-0.974521,-0.0401437
-0.422009,-0.425927

1.40013,0.463761
-0.984557,-0.0465522
-0.415574,-0.417208

1.40369,0.461436
-0.994394,-0.0530756
-0.409297,-0.40836

1.40721,0.459097
-1.00403,-0.0597062
-0.403181,-0.399391

1.4107,0.456744
-1.01347,-0.0664367
-0.397225,-0.390308

1.41414,0.454378
-1.02272,-0.0732597
-0.391429,-0.381118

1.41755,0.451997
-1.03176,-0.0801682
-0.385792,-0.371828

1.42092,0.449602
-1.04061,-0.0871552
-0.380314,-0.362447

1.42425,0.447193
-1.04926,-0.0942141
-0.374992,-0.352979

1.42754,0.44477
-1.05771,-0.101338
-0.369826,-0.343432

1.43079,0.442334
-1.06598,-0.108522
-0.364814,-0.333813

1.434,0.439884
-1.07405,-0.115758
-0.359953,-0.324126

1.43718,0.437421
-1.08194,-0.123042
-0.355241,-0.314379

1.44031,0.434944
-1.08964,-0.130367
-0.350677,-0.304576

1.44341,0.432453
-1.09715,-0.13773
-0.346256,-0.294724

1.44647,0.429949
-1.10449,-0.145123
-0.341977,-0.284826

1.44948,0.427432
-1.11165,-0.152544
-0.337837,-0.274889

1.45246,0.424902
-1.11863,-0.159986
-0.333832,-0.264916

1.4554,0.422359
-1.12544,-0.167447
-0.32996,-0.254912

1.4583,0.419803
-1.13208,-0.174922
-0.326217,-0.244881

1.46116,0.417234
-1.13856,-0.182406
-0.322601,-0.234828

1.46398,0.414653
-1.14487,-0.189897
-0.319109,-0.224755

1.46676,0.412059
-1.15102,-0.197391
-0.315736,-0.214667

1.4695,0.409452
-1.15702,-0.204885
-0.31248,-0.204567

1.4722,0.406833
-1.16286,-0.212376
-0.309337,-0.194457

1.47485,0.404202
-1.16855,-0.219861
-0.306305,-0.184342

1.47747,0.401559
-1.17409,-0.227337
-0.303381,-0.174222

1.48005,0.398904
-1.17949,-0.234802
-0.30056,-0.164103

1.48259,0.396238
-1.18475,-0.242253
-0.29784,-0.153984

1.48509,0.39356
-1.18987,-0.249689
-0.295218,-0.14387

1.48755,0.39087
-1.19486,-0.257108
-0.29269,-0.133762

1.48997,0.388169
-1.19971,-0.264507
-0.290254,-0.123662

1.49234,0.385457
-1.20444,-0.271885
-0.287907,-0.113572

1.49468,0.382734
-1.20903,-0.27924
-0.285646,-0.103494

1.49697,0.38
-1.21351,-0.286571
-0.283467,-0.0934293

1.49923,0.377255
-1.21786,-0.293876
-0.281369,-0.0833795

1.50144,0.3745
-1.22209,-0.301154
-0.279347,-0.0733461

1.50361,0.371735
-1.22621,-0.308405
-0.277401,-0.0633305

1.50574,0.36896
-1.23022,-0.315626
-0.275526,-0.0533338

1.50783,0.366174
-1.23411,-0.322817
-0.27372,-0.0433573

1.50988,0.363379
-1.2379,-0.329977
-0.271982,-0.033402

1.51189,0.360575
-1.24158,-0.337106
-0.270307,-0.0234689

1.51385,0.357761
-1.24516,-0.344202
-0.268695,-0.013559

1.51578,0.354937
-1.24863,-0.351264
-0.267142,-0.00367315

1.51766,0.352105
-1.25201,-0.358293
-0.265647,0.0061879

1.5195,0.349264
-1.25529,-0.365288
-0.264206,0.0160234

1.5213,0.346415
-1.25848,-0.372247
-0.262819,0.0258326

1.52306,0.343557
-1.26157,-0.379171
-0.261482,0.0356149

1.52477,0.34069
-1.26458,-0.38606
-0.260194,0.0453697

1.52645,0.337816
-1.26749,-0.392912
-0.258953,0.0550965

1.52808,0.334934
-1.27032,-0.399729
-0.257757,0.0647947

1.52967,0.332044
-1.27306,-0.406508
-0.256603,0.0744639

1.53122,0.329147
-1.27572,-0.413251
-0.255491,0.0841037

1.53272,0.326243
-1.2783,-0.419956
-0.254418,0.0937136

1.53419,0.323331
-1.2808,-0.426625
-0.253383,0.103293

1.53561,0.320413
-1.28323,-0.433256
-0.252383,0.112843

1.53699,0.317488
-1.28557,-0.439849
-0.251418,0.122361

1.53833,0.314557
-1.28784,-0.446405
-0.250485,0.131848

1.53962,0.31162
-1.29004,-0.452924
-0.249584,0.141304

1.54088,0.308677
-1.29217,-0.459405
-0.248712,0.150728

1.54209,0.305727
-1.29422,-0.465848
-0.247869,0.160121

1.54326,0.302773
-1.29621,-0.472254
-0.247052,0.169481

1.54439,0.299813
-1.29813,-0.478622
-0.246261,0.178809

1.54548,0.296848
-1.29998,-0.484953
-0.245494,0.188105

1.54652,0.293878
-1.30177,-0.491246
-0.244749,0.197368

1.54752,0.290903
-1.30349,-0.497502
-0.244027,0.206599

1.54848,0.287924
-1.30516,-0.503721
-0.243325,0.215797

1.5494,0.28494
-1.30676,-0.509903
-0.242642,0.224962

1.55027,0.281953
-1.3083,-0.516047
-0.241977,0.234095

1.55111,0.278961
-1.30978,-0.522155
-0.241329,0.243194

1.5519,0.275966
-1.3112,-0.528226
-0.240697,0.25226

1.55265,0.272967
-1.31257,-0.53426
-0.24008,0.261293

1.55336,0.269965
-1.31388,-0.540258
-0.239477,0.270292

1.55402,0.26696
-1.31514,-0.546219
-0.238887,0.279259

1.55465,0.263953
-1.31634,-0.552145
-0.238309,0.288192

1.55523,0.260942
-1.31749,-0.558034
-0.237742,0.297092

1.55577,0.257929
-1.31858,-0.563888
-0.237186,0.305958

1.55627,0.254914
-1.31963,-0.569706
-0.236638,0.314792

1.55672,0.251897
-1.32062,-0.575488
-0.2361,0.323591

1.55714,0.248878
-1.32157,-0.581235
-0.235569,0.332358

1.55751,0.245857
-1.32247,-0.586948
-0.235045,0.341091

1.55784,0.242835
-1.32331,-0.592625
-0.234527,0.34979

1.55813,0.239812
-1.32412,-0.598268
-0.234015,0.358456

1.55838,0.236787
-1.32487,-0.603876
-0.233507,0.367089

1.55859,0.233762
-1.32558,-0.60945
-0.233004,0.375688

1.55875,0.230736
-1.32625,-0.61499
-0.232504,0.384254

1.55887,0.227709
-1.32687,-0.620496
-0.232007,0.392787

1.55896,0.224683
-1.32744,-0.625969
-0.231512,0.401286

1.559,0.221656
-1.32798,-0.631408
-0.231019,0.409752

1.559,0.218629
-1.32847,-0.636814
-0.230526,0.418184

1.55895,0.215603
-1.32892,-0.642186
-0.230034,0.426583

1.55887,0.212577
-1.32933,-0.647526
-0.229542,0.434949

1.55875,0.209552
-1.3297,-0.652834
-0.22905,0.443282

1.55858,0.206527
-1.33003,-0.658109
-0.228556,0.451582

1.55838,0.203504
-1.33032,-0.663352
-0.228061,0.459848

1.55813,0.200482
-1.33057,-0.668562
-0.227563,0.468081

1.55784,0.197461
-1.33078,-0.673742
-0.227063,0.476281

1.55751,0.194441
-1.33095,-0.678889
-0.22656,0.484448

1.55714,0.191424
-1.33109,-0.684005
-0.226054,0.492581

1.55673,0.188408
-1.33119,-0.68909
-0.225543,0.500682

1.55628,0.185395
-1.33126,-0.694144
-0.225029,0.508749

1.55579,0.182383
-1.33128,-0.699167
-0.224509,0.516784

1.55526,0.179375
-1.33128,-0.70416
-0.223985,0.524786

1.55469,0.176368
-1.33123,-0.709123
-0.223455,0.532754

1.55408,0.173365
-1.33116,-0.714055
-0.22292,0.54069

1.55342,0.170364
-1.33105,-0.718957
-0.222378,0.548593

1.55273,0.167367
-1.3309,-0.723829
-0.22183,0.556463

1.552,0.164372
-1.33072,-0.728672
-0.221275,0.5643

1.55123,0.161381
-1.33051,-0.733486
-0.220713,0.572104

1.55041,0.158394
-1.33027,-0.73827
-0.220144,0.579876

1.54956,0.155411
-1.33,-0.743025
-0.219566,0.587615

1.54867,0.152431
-1.32969,-0.747751
-0.218981,0.595321

1.54774,0.149455
-1.32935,-0.752449
-0.218388,0.602994

1.54677,0.146484
-1.32898,-0.757118
-0.217786,0.610635

1.54575,0.143517
-1.32858,-0.761759
-0.217176,0.618243

1.5447,0.140554
-1.32815,-0.766372
-0.216556,0.625818

1.54361,0.137596
-1.32769,-0.770957
-0.215928,0.633361

1.54249,0.134643
-1.3272,-0.775514
-0.21529,0.640872

1.54132,0.131694
-1.32667,-0.780044
-0.214642,0.64835

1.54011,0.128751
-1.32612,-0.784546
-0.213984,0.655795

1.53886,0.125813
-1.32555,-0.789021
-0.213316,0.663208

1.53758,0.122881
-1.32494,-0.793469
-0.212638,0.670588

1.53625,0.119954
-1.3243,-0.79789
-0.211949,0.677936

1.53489,0.117032
-1.32364,-0.802284
-0.21125,0.685252

1.53349,0.114116
-1.32295,-0.806651
-0.21054,0.692535

1.53204,0.111207
-1.32223,-0.810992
-0.209819,0.699786

1.53057,0.108303
-1.32148,-0.815307
-0.209087,0.707004

1.52905,0.105405
-1.3207,-0.819596
-0.208343,0.71419

1.52749,0.102514
-1.3199,-0.823858
-0.207588,0.721344

1.5259,0.0996295
-1.31907,-0.828095
-0.206821,0.728465

1.52426,0.0967513
-1.31822,-0.832306
-0.206042,0.735555

1.52259,0.0938798
-1.31734,-0.836492
-0.205252,0.742612

1.52088,0.0910152
-1.31643,-0.840652
-0.204449,0.749636

1.51913,0.0881575
-1.3155,-0.844787
-0.203635,0.756629

1.51735,0.0853069
-1.31454,-0.848896
-0.202808,0.763589

1.51553,0.0824636
-1.31356,-0.852981
-0.201968,0.770518

1.51366,0.0796275
-1.31255,-0.857041
-0.201116,0.777413

1.51176,0.0767989
-1.31151,-0.861076
-0.200252,0.784277

1.50983,0.0739778
-1.31045,-0.865087
-0.199375,0.791109

1.50785,0.0711645
-1.30937,-0.869073
-0.198484,0.797908

1.50584,0.0683589
-1.30826,-0.873035
-0.197581,0.804676

1.50379,0.0655613
-1.30713,-0.876972
-0.196665,0.811411

1.50171,0.0627717
-1.30597,-0.880886
-0.195736,0.818114

1.49958,0.0599902
-1.30479,-0.884776
-0.194794,0.824785

1.49742,0.057217
-1.30358,-0.888641
-0.193838,0.831424

1.49522,0.0544522
-1.30236,-0.892483
-0.192869,0.838031

1.49299,0.0516959
-1.3011,-0.896302
-0.191887,0.844606

1.49072,0.0489481
-1.29983,-0.900097
-0.190891,0.851149

1.48841,0.0462091
-1.29853,-0.903868
-0.189881,0.857659

1.48606,0.0434788
-1.2972,-0.907617
-0.188858,0.864138

1.48368,0.0407575
-1.29586,-0.911342
-0.187822,0.870585

1.48126,0.0380451
-1.29449,-0.915044
-0.186771,0.876999

1.4788,0.0353419
-1.2931,-0.918723
-0.185707,0.883381

1.47631,0.0326479
-1.29168,-0.92238
-0.184629,0.889732

1.47378,0.0299632
-1.29025,-0.926013
-0.183537,0.89605

1.47122,0.027288
-1.28879,-0.929624
-0.182431,0.902336

1.46862,0.0246223
-1.28731,-0.933213
-0.181311,0.908591

1.46598,0.0219662
-1.2858,-0.936779
-0.180178,0.914813

1.4633,0.0193198
-1.28428,-0.940323
-0.17903,0.921003

1.46059,0.0166832
-1.28273,-0.943844
-0.177868,0.927161

1.45785,0.0140566
-1.28116,-0.947344
-0.176692,0.933287

1.45507,0.01144
-1.27956,-0.950821
-0.175502,0.939381

1.45225,0.00883342
-1.27795,-0.954276
-0.174297,0.945443

1.44939,0.00623707
-1.27632,-0.95771
-0.173079,0.951473

1.4465,0.00365102
-1.27466,-0.961121
-0.171846,0.95747

1.44358,0.00107535
-1.27298,-0.964511
-0.170599,0.963436

1.44062,-0.00148986
-1.27128,-0.96788
-0.169338,0.969369

1.43762,-0.0040445
-1.26956,-0.971226
-0.168062,0.975271

1.43459,-0.0065885
-1.26782,-0.974552
-0.166772,0.98114

1.43152,-0.00912175
-1.26605,-0.977855
-0.165468,0.986977

1.42842,-0.0116442
-1.26427,-0.981138
-0.16415,0.992782

1.42528,-0.0141557
-1.26246,-0.984399
-0.162817,0.998555

1.42211,-0.0166562
-1.26064,-0.987639
-0.16147,1.0043

1.4189,-0.0191457
-1.25879,-0.990859
-0.160109,1.01

1.41565,-0.0216239
-1.25692,-0.994057
-0.158733,1.01568

1.41237,-0.024091
-1.25503,-0.997234
-0.157343,1.02132

1.40906,-0.0265467
-1.25312,-1.00039
-0.155938,1.02694

1.40571,-0.0289909
-1.25119,-1.00353
-0.154519,1.03252

1.40233,-0.0314237
-1.24924,-1.00664
-0.153086,1.03806

1.39891,-0.0338449
-1.24727,-1.00973
-0.151639,1.04358

1.39545,-0.0362545
-1.24528,-1.01281
-0.150177,1.04906

1.39197,-0.0386523
-1.24326,-1.01586
-0.148701,1.05451

1.38844,-0.0410383
-1.24123,-1.01889
-0.14721,1.05993

1.38488,-0.0434124
-1.23918,-1.0219
-0.145705,1.06532

1.38129,-0.0457745
-1.2371,-1.02489
-0.144186,1.07067

1.37766,-0.0481246
-1.23501,-1.02787
-0.142653,1.07599

1.374,-0.0504626
-1.2329,-1.03082
-0.141105,1.08128

1.37031,-0.0527883
-1.23076,-1.03375
-0.139543,1.08654

1.36658,-0.0551019
-1.22861,-1.03666
-0.137966,1.09176

1.36281,-0.057403
-1.22643,-1.03955
-0.136376,1.09695

1.35901,-0.0596918
-1.22424,-1.04242
-0.134771,1.10211

1.35518,-0.061968
-1.22202,-1.04527
-0.133152,1.10723

1.35131,-0.0642317
-1.21979,-1.0481
-0.131519,1.11233

1.34741,-0.0664828
-1.21754,-1.05091
-0.129872,1.11739

1.34347,-0.0687211
-1.21526,-1.0537
-0.12821,1.12242

1.3395,-0.0709467
-1.21297,-1.05647
-0.126534,1.12741

1.3355,-0.0731595
-1.21065,-1.05922
-0.124845,1.13238

1.33146,-0.0753593
-1.20832,-1.06195
-0.123141,1.13731

1.32739,-0.0775462
-1.20596,-1.06466
-0.121423,1.1422

1.32328,-0.07972
-1.20359,-1.06735
-0.119691,1.14707

1.31914,-0.0818807
-1.20119,-1.07002
-0.117945,1.1519

1.31497,-0.0840283
-1.19878,-1.07267
-0.116185,1.1567

1.31076,-0.0861626
-1.19635,-1.0753
-0.114411,1.16146

1.30652,-0.0882835
-1.19389,-1.07791
-0.112623,1.1662

1.30224,-0.0903911
-1.19142,-1.08051
-0.110822,1.1709

1.29793,-0.0924853
-1.18893,-1.08308
-0.109006,1.17557

1.29359,-0.094566
-1.18641,-1.08563
-0.107177,1.1802

1.28921,-0.0966331
-1.18388,-1.08817
-0.105333,1.1848

1.2848,-0.0986866
-1.18133,-1.09068
-0.103477,1.18937

1.28036,-0.100726
-1.17875,-1.09318
-0.101606,1.1939

1.27588,-0.102752
-1.17616,-1.09565
-0.0997216,1.1984

1.27137,-0.104765
-1.17355,-1.09811
-0.0978237,1.20287

1.26683,-0.106763
-1.17091,-1.10054
-0.0959121,1.20731

1.26225,-0.108748
-1.16826,-1.10296
-0.0939869,1.21171

1.25764,-0.110718
-1.16559,-1.10536
-0.0920482,1.21608

1.25299,-0.112675
-1.1629,-1.10774
-0.0900961,1.22041

1.24832,-0.114617
-1.16019,-1.1101
-0.0881304,1.22471

1.24361,-0.116545
-1.15745,-1.11243
-0.0861514,1.22898

1.23886,-0.118459
-1.1547,-1.11475
-0.084159,1.23321

1.23408,-0.120359
-1.15193,-1.11705
-0.0821533,1.23741

1.22927,-0.122244
-1.14914,-1.11934
-0.0801343,1.24158

1.22443,-0.124116
-1.14633,-1.1216
-0.078102,1.24571

1.21955,-0.125972
-1.14349,-1.12384
-0.0760566,1.24981

1.21464,-0.127814
-1.14064,-1.12606
-0.073998,1.25388

1.2097,-0.129642
-1.13777,-1.12827
-0.0719264,1.25791

1.20472,-0.131455
-1.13488,-1.13045
-0.0698417,1.26191

1.19971,-0.133254
-1.13197,-1.13262
-0.067744,1.26587

1.19467,-0.135037
-1.12903,-1.13476
-0.0656333,1.2698

1.18959,-0.136806
-1.12608,-1.13689
-0.0635098,1.27369

1.18448,-0.138561
-1.12311,-1.13899
-0.0613734,1.27756

1.17934,-0.1403
-1.12011,-1.14108
-0.0592242,1.28138

1.17416,-0.142025
-1.1171,-1.14315
-0.0570623,1.28517

1.16896,-0.143735
-1.11407,-1.1452
-0.0548876,1.28893

1.16371,-0.145429
-1.11101,-1.14723
-0.0527004,1.29266

1.15844,-0.147109
-1.10794,-1.14924
-0.0505006,1.29635

1.15313,-0.148774
-1.10484,-1.15123
-0.0482882,1.3

1.14779,-0.150423
-1.10173,-1.1532
-0.0460634,1.30362

1.14242,-0.152058
-1.09859,-1.15515
-0.0438262,1.30721

1.13701,-0.153677
-1.09543,-1.15708
-0.0415766,1.31076

1.13157,-0.155281
-1.09226,-1.15899
-0.0393148,1.31427

1.1261,-0.15687
-1.08906,-1.16088
-0.0370407,1.31775

1.12059,-0.158444
-1.08584,-1.16275
-0.0347544,1.3212

1.11506,-0.160002
-1.0826,-1.16461
-0.0324561,1.32461

1.10948,-0.161545
-1.07934,-1.16644
-0.0301457,1.32799

1.10388,-0.163073
-1.07606,-1.16825
-0.0278233,1.33133

1.09824,-0.164585
-1.07275,-1.17005
-0.025489,1.33463

1.09257,-0.166082
-1.06943,-1.17182
-0.0231428,1.3379

1.08687,-0.167563
-1.06608,-1.17357
-0.0207849,1.34114

1.08113,-0.169029
-1.06272,-1.17531
-0.0184153,1.34434

1.07536,-0.170479
-1.05933,-1.17702
-0.016034,1.3475

1.06956,-0.171913
-1.05592,-1.17871
-0.0136411,1.35063

1.06373,-0.173332
-1.05249,-1.18039
-0.0112367,1.35372

1.05786,-0.174736
-1.04904,-1.18204
-0.00882082,1.35678

1.05196,-0.176124
-1.04557,-1.18367
-0.00639361,1.3598

1.04603,-0.177496
-1.04207,-1.18529
-0.0039551,1.36278

1.04006,-0.178852
-1.03855,-1.18688
-0.00150536,1.36573

1.03406,-0.180193
-1.03502,-1.18845
0.000955529,1.36864

1.02803,-0.181517
-1.03145,-1.19
0.00342749,1.37152

1.02196,-0.182827
-1.02787,-1.19153
0.00591046,1.37436

1.01586,-0.18412
-1.02427,-1.19304
0.00840435,1.37716

1.00973,-0.185398
-1.02064,-1.19453
0.0109091,1.37993

1.00357,-0.186659
-1.01699,-1.196
0.0134246,1.38266

0.997369,-0.187905
-1.01332,-1.19745
0.0159508,1.38536

0.991139,-0.189136
-1.00963,-1.19888
0.0184875,1.38801

0.984875,-0.19035
-1.00591,-1.20029
0.0210349,1.39064

0.978578,-0.191549
-1.00217,-1.20167
0.0235926,1.39322

0.972248,-0.192731
-0.998409,-1.20304
0.0261607,1.39577

0.965885,-0.193898
-0.994624,-1.20438
0.0287391,1.39828

0.959489,-0.195049
-0.990817,-1.2057
0.0313276,1.40075

0.95306,-0.196185
-0.986986,-1.207
0.0339263,1.40319

0.946597,-0.197304
-0.983132,-1.20828
0.0365349,1.40558

0.940102,-0.198408
-0.979255,-1.20954
0.0391535,1.40794

0.933573,-0.199495
-0.975355,-1.21077
0.0417819,1.41027

0.927011,-0.200567
-0.971431,-1.21199
0.04442,1.41255

0.920415,-0.201624
-0.967483,-1.21318
0.0470678,1.4148

0.913787,-0.202664
-0.963512,-1.21435
0.0497251,1.41701

0.907125,-0.203689
-0.959516,-1.21549
0.0523919,1.41918

0.900429,-0.204698
-0.955497,-1.21662
0.055068,1.42132

0.8937,-0.205691
-0.951454,-1.21772
0.0577533,1.42341

0.886938,-0.206669
-0.947386,-1.2188
0.0604478,1.42547

0.880143,-0.207631
-0.943294,-1.21986
0.0631514,1.42749

0.873314,-0.208577
-0.939178,-1.2209
0.0658639,1.42947

0.866451,-0.209508
-0.935036,-1.22191
0.0685853,1.43142

0.859555,-0.210423
-0.93087,-1.2229
0.0713154,1.43332

0.852625,-0.211323
-0.926679,-1.22386
0.0740541,1.43518

0.845662,-0.212207
-0.922463,-1.2248
0.0768013,1.43701

0.838665,-0.213076
-0.918222,-1.22572
0.079557,1.4388

0.831634,-0.213929
-0.913955,-1.22662
0.082321,1.44055

0.82457,-0.214767
-0.909663,-1.22749
0.0850931,1.44226

0.817471,-0.21559
-0.905345,-1.22834
0.0878733,1.44393

0.810339,-0.216398
-0.901001,-1.22916
0.0906615,1.44556

0.803173,-0.217191
-0.896631,-1.22996
0.0934575,1.44715

0.795973,-0.217968
-0.892235,-1.23073
0.0962613,1.4487

0.788739,-0.218731
-0.887812,-1.23148
0.0990727,1.45021

0.781472,-0.219479
-0.883363,-1.2322
0.101892,1.45168

0.77417,-0.220212
-0.878887,-1.2329
0.104718,1.45311

0.766833,-0.220931
-0.874385,-1.23358
0.107551,1.45451

0.759463,-0.221634
-0.869855,-1.23422
0.110392,1.45586

0.752059,-0.222324
-0.865298,-1.23485
0.113239,1.45717

0.74462,-0.222999
-0.860713,-1.23544
0.116094,1.45844

0.737147,-0.223659
-0.856101,-1.23601
0.118955,1.45967

0.729639,-0.224306
-0.851461,-1.23655
0.121822,1.46086

0.722097,-0.224939
-0.846794,-1.23707
0.124696,1.46201

0.714521,-0.225557
-0.842097,-1.23756
0.127577,1.46312

0.706909,-0.226162
-0.837373,-1.23802
0.130463,1.46418

0.699264,-0.226754
-0.83262,-1.23846
0.133356,1.46521

0.691583,-0.227331
-0.827838,-1.23886
0.136254,1.4662

0.683868,-0.227896
-0.823027,-1.23924
0.139159,1.46714

0.676118,-0.228448
-0.818186,-1.23959
0.142069,1.46804

0.668333,-0.228986
-0.813316,-1.23992
0.144984,1.4689

0.660512,-0.229512
-0.808417,-1.24021
0.147904,1.46972

0.652657,-0.230025
-0.803487,-1.24047
0.15083,1.4705

0.644767,-0.230526
-0.798528,-1.24071
0.153761,1.47123

0.636841,-0.231015
-0.793537,-1.24091
0.156696,1.47193

0.62888,-0.231492
-0.788517,-1.24109
0.159636,1.47258

0.620884,-0.231957
-0.783465,-1.24123
0.162581,1.47319

0.612852,-0.23241
-0.778382,-1.24134
0.16553,1.47375

0.604785,-0.232853
-0.773268,-1.24142
0.168483,1.47428

0.596682,-0.233284
-0.768122,-1.24147
0.17144,1.47476

0.588543,-0.233705
-0.762945,-1.24149
0.174402,1.4752

0.580369,-0.234115
-0.757735,-1.24148
0.177366,1.47559

0.572158,-0.234516
-0.752493,-1.24143
0.180334,1.47594

0.563912,-0.234906
-0.747218,-1.24135
0.183306,1.47625

0.555629,-0.235287
-0.74191,-1.24123
0.186281,1.47652

0.54731,-0.235659
-0.736569,-1.24108
0.189258,1.47674

0.538955,-0.236022
-0.731194,-1.2409
0.192239,1.47692

0.530564,-0.236377
-0.725786,-1.24068
0.195222,1.47706

0.522136,-0.236723
-0.720343,-1.24042
0.198207,1.47715

0.513672,-0.237062
-0.714866,-1.24013
0.201195,1.4772

0.50517,-0.237394
-0.709355,-1.23981
0.204184,1.4772

0.496632,-0.237718
-0.703808,-1.23944
0.207176,1.47716

0.488057,-0.238037
-0.698226,-1.23904
0.210169,1.47708

0.479445,-0.238349
-0.692609,-1.2386
0.213163,1.47695

0.470796,-0.238656
-0.686955,-1.23812
0.216159,1.47678

0.46211,-0.238958
-0.681266,-1.2376
0.219156,1.47656

0.453386,-0.239256
-0.67554,-1.23704
0.222153,1.4763

0.444625,-0.23955
-0.669777,-1.23644
0.225152,1.47599

0.435826,-0.23984
-0.663977,-1.2358
0.22815,1.47564

0.42699,-0.240128
-0.658139,-1.23512
0.231149,1.47524

0.418116,-0.240413
-0.652263,-1.23439
0.234148,1.4748

0.409203,-0.240697
-0.64635,-1.23362
0.237146,1.47432

0.400253,-0.24098
-0.640398,-1.2328
0.240144,1.47378

0.391265,-0.241263
-0.634407,-1.23194
0.243142,1.47321

0.382238,-0.241547
-0.628376,-1.23104
0.246138,1.47259

0.373173,-0.241831
-0.622307,-1.23009
0.249134,1.47192

0.36407,-0.242118
-0.616197,-1.22909
0.252128,1.47121

0.354927,-0.242408
-0.610047,-1.22804
0.25512,1.47045

0.345746,-0.242701
-0.603857,-1.22694
0.258111,1.46964

0.336527,-0.242999
-0.597626,-1.22579
0.261099,1.46879

0.327268,-0.243302
-0.591353,-1.22459
0.264085,1.46789

0.31797,-0.243611
-0.585039,-1.22334
0.267069,1.46695

0.308633,-0.243928
-0.578683,-1.22204
0.27005,1.46596

0.299257,-0.244253
-0.572284,-1.22068
0.273028,1.46493

0.289841,-0.244587
-0.565843,-1.21926
0.276002,1.46385

0.280386,-0.244932
-0.559359,-1.21779
0.278973,1.46272

0.270891,-0.245288
-0.552831,-1.21626
0.281941,1.46155

0.261356,-0.245657
-0.54626,-1.21467
0.284904,1.46033

0.251782,-0.24604
-0.539645,-1.21302
0.287863,1.45906

0.242168,-0.246438
-0.532986,-1.21131
0.290818,1.45775

0.232514,-0.246853
-0.526281,-1.20953
0.293767,1.45639

0.22282,-0.247285
-0.519532,-1.2077
0.296712,1.45498

0.213086,-0.247737
-0.512738,-1.20579
0.299652,1.45353

0.203312,-0.248209
-0.505898,-1.20382
0.302586,1.45203

0.193498,-0.248704
-0.499012,-1.20178
0.305514,1.45048

0.183644,-0.249223
-0.49208,-1.19966
0.308436,1.44889

0.173749,-0.249767
-0.485101,-1.19748
0.311352,1.44725

0.163815,-0.250338
-0.478076,-1.19522
0.314261,1.44556

0.153841,-0.250939
-0.471004,-1.19288
0.317164,1.44382

0.143826,-0.25157
-0.463885,-1.19047
0.320059,1.44204

0.133772,-0.252234
-0.456719,-1.18798
0.322947,1.44021

0.123678,-0.252933
-0.449506,-1.1854
0.325827,1.43834

0.113545,-0.253669
-0.442245,-1.18275
0.3287,1.43642

0.103372,-0.254444
-0.434936,-1.18
0.331564,1.43445

0.0931596,-0.25526
-0.42758,-1.17717
0.33442,1.43243

0.0829083,-0.25612
-0.420176,-1.17424
0.337268,1.43036

0.0726184,-0.257026
-0.412724,-1.17123
0.340106,1.42825

0.06229,-0.25798
-0.405225,-1.16812
0.342935,1.4261

0.0519237,-0.258986
-0.397679,-1.16491
0.345755,1.42389

0.0415198,-0.260045
-0.390085,-1.16159
0.348565,1.42164

0.0310788,-0.261161
-0.382444,-1.15818
0.351365,1.41934

0.0206013,-0.262336
-0.374756,-1.15466
0.354155,1.41699

0.0100879,-0.263574
-0.367022,-1.15103
0.356935,1.4146

-0.000460674,-0.264878
-0.359243,-1.14728
0.359703,1.41216

-0.0110436,-0.26625
-0.351418,-1.14343
0.362461,1.40968

-0.02166,-0.267695
-0.343548,-1.13945
0.365208,1.40714

-0.0323089,-0.269215
-0.335634,-1.13535
0.367943,1.40456

-0.0429892,-0.270815
-0.327677,-1.13112
0.370666,1.40194

-0.0536997,-0.272497
-0.319678,-1.12676
0.373378,1.39926

-0.064439,-0.274266
-0.311638,-1.12228
0.376077,1.39654

-0.0752056,-0.276126
-0.303558,-1.11765
0.378764,1.39378

-0.0859979,-0.278081
-0.29544,-1.11288
0.381438,1.39096

-0.0968141,-0.280134
-0.287285,-1.10797
0.3841,1.3881

-0.107652,-0.282291
-0.279096,-1.10291
0.386748,1.3852

-0.11851,-0.284555
-0.270873,-1.09769
0.389383,1.38224

-0.129385,-0.286931
-0.262619,-1.09232
0.392004,1.37925

-0.140275,-0.289424
-0.254338,-1.08678
0.394612,1.3762

-0.151176,-0.292039
-0.24603,-1.08107
0.397206,1.37311

-0.162087,-0.29478
-0.237699,-1.0752
0.399786,1.36998

-0.173002,-0.297652
-0.229349,-1.06914
0.402351,1.36679

-0.18392,-0.30066
-0.220983,-1.06291
0.404902,1.36357

-0.194835,-0.303809
-0.212604,-1.05648
0.407439,1.36029

-0.205743,-0.307105
-0.204217,-1.04987
0.40996,1.35697

-0.21664,-0.310552
-0.195827,-1.04306
0.412467,1.35361

-0.22752,-0.314156
-0.187438,-1.03604
0.414958,1.3502

-0.238378,-0.317922
-0.179055,-1.02882
0.417434,1.34674

-0.249209,-0.321854
-0.170685,-1.02139
0.419894,1.34324

-0.260006,-0.325958
-0.162333,-1.01374
0.422339,1.3397

-0.270761,-0.330239
-0.154006,-1.00587
0.424768,1.33611

-0.281469,-0.334701
-0.145711,-0.997769
0.427181,1.33247

-0.292121,-0.339349
-0.137456,-0.989441
0.429578,1.32879

-0.302709,-0.344187
-0.129249,-0.980877
0.431958,1.32506

-0.313225,-0.349219
-0.121098,-0.972075
0.434323,1.32129

-0.323659,-0.354448
-0.113012,-0.96303
0.436671,1.31748

-0.334002,-0.359879
-0.105,-0.95374
0.439002,1.31362

-0.344244,-0.365513
-0.097073,-0.944202
0.441317,1.30971

-0.354374,-0.371353
-0.0892409,-0.934413
0.443615,1.30577

-0.364382,-0.3774
-0.0815144,-0.924373
0.445896,1.30177

-0.374256,-0.383655
-0.0739046,-0.914079
0.448161,1.29773

-0.383985,-0.39012
-0.066423,-0.903533
0.450408,1.29365

-0.393557,-0.396792
-0.0590813,-0.892734
0.452638,1.28953

-0.40296,-0.40367
-0.0518912,-0.881684
0.454851,1.28535

-0.412182,-0.410753
-0.0448649,-0.870385
0.457047,1.28114

-0.421212,-0.418037
-0.0380142,-0.858841
0.459226,1.27688

-0.430036,-0.425518
-0.0313511,-0.847055
0.461387,1.27257

-0.438644,-0.433191
-0.0248874,-0.835033
0.463531,1.26822

-0.447023,-0.441049
-0.0186344,-0.82278
0.465658,1.26383

-0.455163,-0.449086
-0.0126033,-0.810304
0.467766,1.25939

-0.463053,-0.457294
-0.00680457,-0.797613
0.469858,1.25491

-0.470683,-0.465662
-0.00124816,-0.784715
0.471931,1.25038

-0.478044,-0.474183
0.00405671,-0.771621
0.473987,1.2458

-0.485127,-0.482844
0.00910166,-0.75834
0.476025,1.24118

-0.491924,-0.491635
0.0138792,-0.744884
0.478045,1.23652

-0.49843,-0.500544
0.0183827,-0.731264
0.480047,1.23181

-0.504638,-0.509557
0.0226069,-0.717494
0.482031,1.22705

-0.510544,-0.518664
0.0265472,-0.703584
0.483997,1.22225

-0.516145,-0.527849
0.0302003,-0.689549
0.485945,1.2174

-0.521438,-0.537101
0.0335642,-0.675402
0.487874,1.2125

-0.526423,-0.546406
0.0366376,-0.661154
0.489785,1.20756

-0.531098,-0.555749
0.0394207,-0.64682
0.491677,1.20257

-0.535466,-0.565119
0.0419145,-0.632412
0.493551,1.19753

-0.539527,-0.574503
0.044121,-0.617942
0.495406,1.19245

-0.543285,-0.583888
0.0460434,-0.603423
0.497242,1.18731

-0.546744,-0.593262
0.0476855,-0.588866
0.499058,1.18213

-0.549908,-0.602613
0.049052,-0.574282
0.500856,1.17689

-0.552782,-0.611931
0.0501483,-0.559681
0.502633,1.17161

-0.555372,-0.621206
0.0509805,-0.545074
0.504391,1.16628

-0.557684,-0.630427
0.0515552,-0.530469
0.506129,1.1609

-0.559726,-0.639586
0.0518794,-0.515875
0.507847,1.15546

-0.561505,-0.648674
0.0519607,-0.5013
0.509544,1.14997

-0.563028,-0.657684
0.0518069,-0.486751
0.511221,1.14444

-0.564302,-0.666609
0.0514258,-0.472234
0.512876,1.13884

-0.565336,-0.675442
0.0508259,-0.457755
0.51451,1.1332

-0.566138,-0.684178
0.0500153,-0.44332
0.516122,1.1275

-0.566715,-0.692811
0.0490026,-0.428931
0.517713,1.12174

-0.567076,-0.701337
0.047796,-0.414594
0.51928,1.11593

-0.567229,-0.709753
0.046404,-0.400312
0.520825,1.11006

-0.567181,-0.718054
0.0448349,-0.386086
0.522346,1.10414

-0.566941,-0.726237
0.043097,-0.371921
0.523844,1.09816

-0.566515,-0.734301
0.0411983,-0.357816
0.525317,1.09212

-0.565912,-0.742242
0.0391468,-0.343774
0.526765,1.08602

-0.565139,-0.75006
0.0369503,-0.329795
0.528188,1.07986

-0.564202,-0.757753
0.0346165,-0.31588
0.529585,1.07363

-0.563108,-0.76532
0.0321529,-0.302029
0.530955,1.06735

-0.561864,-0.77276
0.0295666,-0.288242
0.532298,1.061

-0.560477,-0.780072
0.0268649,-0.274517
0.533613,1.05459

-0.558953,-0.787258
0.0240546,-0.260856
0.534898,1.04811

-0.557297,-0.794315
0.0211423,-0.247255
0.536155,1.04157

-0.555515,-0.801246
0.0181348,-0.233715
0.53738,1.03496

-0.553613,-0.80805
0.0150382,-0.220234
0.538575,1.02828

-0.551595,-0.814727
0.0118588,-0.20681
0.539737,1.02154

-0.549468,-0.821279
0.00860249,-0.193441
0.540865,1.01472

-0.547235,-0.827706
0.00527518,-0.180125
0.54196,1.00783

-0.544901,-0.83401
0.00188254,-0.166861
0.543019,1.00087

-0.542471,-0.84019
-0.00156992,-0.153646
0.544041,0.993836

-0.539949,-0.846249
-0.00507679,-0.140478
0.545026,0.986727

-0.537339,-0.852187
-0.0086328,-0.127355
0.545971,0.979542

-0.534644,-0.858005
-0.0122328,-0.114273
0.546877,0.972279

-0.531868,-0.863706
-0.0158717,-0.101231
0.54774,0.964937

-0.529015,-0.86929
-0.0195447,-0.0882263
0.548559,0.957516

-0.526087,-0.874758
-0.0232467,-0.0752555
0.549334,0.950014

-0.523089,-0.880112
-0.0269731,-0.0623163
0.550062,0.942429

-0.520023,-0.885354
-0.0307191,-0.049406
0.550742,0.93476

-0.516891,-0.890484
-0.0344799,-0.0365217
0.551371,0.927006

-0.513697,-0.895504
-0.0382511,-0.0236608
0.551948,0.919165

-0.510443,-0.900416
-0.0420279,-0.0108204
0.552471,0.911236

-0.507131,-0.905221
-0.0458058,0.00200233
0.552937,0.903218

-0.503764,-0.90992
-0.0495802,0.0148101
0.553345,0.89511

-0.500344,-0.914515
-0.0533465,0.0276058
0.553691,0.886909

-0.496874,-0.919006
-0.0571,0.0403923
0.553974,0.878614

-0.493353,-0.923397
-0.0608363,0.0531722
0.55419,0.870225

-0.489786,-0.927687
-0.0645505,0.0659483
0.554337,0.861739

-0.486174,-0.931878
-0.068238,0.0787234
0.554412,0.853155

-0.482517,-0.935972
-0.071894,0.0915002
0.554411,0.844472

-0.478819,-0.93997
-0.0755136,0.104281
0.554332,0.835688

-0.475079,-0.943872
-0.079092,0.117069
0.554171,0.826803

-0.471301,-0.947681
-0.082624,0.129867
0.553925,0.817815

-0.467484,-0.951398
-0.0861046,0.142676
0.553589,0.808722

-0.463631,-0.955023
-0.0895285,0.155499
0.55316,0.799524

-0.459743,-0.958559
-0.0928903,0.168339
0.552633,0.790219

-0.45582,-0.962005
-0.0961845,0.181198
0.552005,0.780807

-0.451864,-0.965364
-0.0994054,0.194077
0.55127,0.771286

-0.447876,-0.968636
-0.102547,0.206979
0.550423,0.761656

-0.443856,-0.971822
-0.105604,0.219905
0.54946,0.751917

-0.439806,-0.974924
-0.10857,0.232857
0.548376,0.742066

-0.435727,-0.977942
-0.111438,0.245836
0.547165,0.732105

-0.431618,-0.980877
-0.114202,0.258844
0.54582,0.722033

-0.427482,-0.983731
-0.116855,0.271881
0.544337,0.711851

-0.423318,-0.986505
-0.119391,0.284947
0.542709,0.701557

-0.419128,-0.989198
-0.121802,0.298044
0.540929,0.691154

-0.414911,-0.991812
-0.124081,0.31117
0.538992,0.680642

-0.410669,-0.994348
-0.12622,0.324327
0.536889,0.670021

-0.406402,-0.996807
-0.128213,0.337512
0.534614,0.659295

-0.40211,-0.999189
-0.130051,0.350725
0.53216,0.648464

-0.397794,-1.0015
-0.131726,0.363965
0.529519,0.637531

-0.393454,-1.00373
-0.133231,0.377228
0.526684,0.626498

-0.38909,-1.00588
-0.134557,0.390512
0.523647,0.61537

-0.384704,-1.00796
-0.135696,0.403815
0.5204,0.60415

-0.380295,-1.00997
-0.136641,0.417131
0.516936,0.592842

-0.375863,-1.01191
-0.137383,0.430457
0.513246,0.581452

-0.37141,-1.01377
-0.137914,0.443788
0.509323,0.569985

-0.366934,-1.01556
-0.138226,0.457118
0.50516,0.558447

-0.362436,-1.01728
-0.138313,0.470439
0.500749,0.546846

-0.357916,-1.01893
-0.138166,0.483746
0.496083,0.535188

-0.353375,-1.02051
-0.13778,0.497029
0.491155,0.523483

-0.348813,-1.02202
-0.137148,0.510281
0.48596,0.511738

-0.344229,-1.02346
-0.136263,0.523493
0.480492,0.499965

-0.339623,-1.02483
-0.135122,0.536653
0.474746,0.488172

-0.334997,-1.02612
-0.13372,0.549753
0.468717,0.47637

-0.330349,-1.02735
-0.132053,0.56278
0.462402,0.464571

-0.32568,-1.02851
-0.130119,0.575724
0.455799,0.452786

-0.320989,-1.0296
-0.127917,0.588572
0.448907,0.441026

-0.316278,-1.03062
-0.125446,0.601314
0.441724,0.429304

-0.311545,-1.03157
-0.122707,0.613935
0.434252,0.417632

-0.30679,-1.03245
-0.119702,0.626426
0.426492,0.406022

-0.302014,-1.03326
-0.116433,0.638772
0.418447,0.394486

-0.297217,-1.034
-0.112905,0.650964
0.410122,0.383035

-0.292398,-1.03467
-0.109124,0.662988
0.401522,0.37168

-0.287557,-1.03527
-0.105094,0.674836
0.392651,0.360432

-0.282695,-1.0358
-0.100824,0.686496
0.383519,0.349301

-0.277811,-1.03625
-0.0963225,0.697958
0.374133,0.338296

-0.272904,-1.03664
-0.0915975,0.709215
0.364502,0.327425

-0.267976,-1.03695
-0.0866591,0.720257
0.354635,0.316695

-0.263026,-1.03719
-0.0815176,0.73108
0.344544,0.306113

-0.258053,-1.03736
-0.0761839,0.741675
0.334237,0.295685

-0.253059,-1.03745
-0.070669,0.75204
0.323728,0.285413

-0.248042,-1.03747
-0.0649843,0.762169
0.313026,0.275303

-0.243002,-1.03741
-0.0591412,0.772059
0.302143,0.265355

-0.23794,-1.03728
-0.0531514,0.78171
0.291092,0.255571

-0.232856,-1.03707
-0.047026,0.791119
0.279882,0.245951

-0.227749,-1.03678
-0.0407764,0.800286
0.268526,0.236495

-0.22262,-1.03641
-0.0344134,0.809212
0.257033,0.227201

-0.217468,-1.03596
-0.0279477,0.817898
0.245416,0.218067

-0.212295,-1.03544
-0.0213895,0.826346
0.233684,0.209089

-0.207099,-1.03482
-0.0147486,0.834559
0.221847,0.200266

-0.20188,-1.03413
-0.00803429,0.842538
0.209915,0.191591

-0.19664,-1.03335
-0.00125552,0.850289
0.197896,0.183061

-0.191378,-1.03248
0.00557936,0.857814
0.185799,0.17467

-0.186095,-1.03153
0.0124625,0.865118
0.173633,0.166413

-0.180791,-1.03049
0.0193864,0.872206
0.161404,0.158285

-0.175465,-1.02936
0.0263444,0.87908
0.149121,0.150279

-0.170119,-1.02814
0.0333298,0.885748
0.136789,0.142389

-0.164753,-1.02682
0.0403369,0.892213
0.124416,0.134609

-0.159367,-1.02541
0.0473602,0.898479
0.112006,0.126932

-0.153961,-1.02391
0.0543945,0.904554
0.0995669,0.119352

-0.148538,-1.0223
0.0614352,0.91044
0.0871023,0.111862

-0.143096,-1.0206
0.0684781,0.916143
0.0746176,0.104455

-0.137637,-1.0188
0.0755193,0.921669
0.0621172,0.097126

-0.132161,-1.01689
0.0825553,0.927021
0.0496055,0.0898672

-0.126669,-1.01488
0.0895827,0.932205
0.0370865,0.0826722

-0.121163,-1.01276
0.0965988,0.937226
0.024564,0.0755347

-0.115643,-1.01054
0.103601,0.942087
0.0120417,0.0684483

-0.110109,-1.0082
0.110587,0.946794
-0.000477098,0.0614066

-0.104565,-1.00575
0.117554,0.95135
-0.0129891,0.0544036

-0.0990093,-1.00319
0.1245,0.955761
-0.0254911,0.0474329

-0.0934447,-1.00052
0.131425,0.960029
-0.0379802,0.0404888

-0.0878723,-0.997724
0.138326,0.964159
-0.0504535,0.0335652

-0.0822936,-0.994812
0.145202,0.968155
-0.0629081,0.0266565

-0.0767101,-0.991778
0.152051,0.972021
-0.0753413,0.0197571

-0.0711236,-0.988621
0.158874,0.97576
-0.0877505,0.0128614

-0.0655357,-0.985339
0.165669,0.979375
-0.100133,0.00596404

-0.0599483,-0.981931
0.172434,0.982871
-0.112486,-0.000940118

-0.0543636,-0.978393
0.17917,0.986249
-0.124807,-0.00785618

-0.0487834,-0.974724
0.185876,0.989513
-0.137093,-0.0147891

-0.0432101,-0.970923
0.192552,0.992667
-0.149342,-0.0217436

-0.0376458,-0.966988
0.199196,0.995713
-0.16155,-0.0287244

-0.0320932,-0.962917
0.20581,0.998653
-0.173716,-0.0357359

-0.0265546,-0.958708
0.212392,1.00149
-0.185837,-0.0427824

-0.0210328,-0.954359
0.218942,1.00423
-0.197909,-0.0498681

-0.0155304,-0.949869
0.22546,1.00687
-0.20993,-0.056997

-0.0100504,-0.945237
0.231947,1.00941
-0.221897,-0.0641729

-0.00459561,-0.940461
0.238402,1.01186
-0.233806,-0.0713994

0.000830759,-0.935539
0.244825,1.01422
-0.245656,-0.0786799

0.00622556,-0.930471
0.251216,1.01649
-0.257442,-0.0860177

0.0115855,-0.925256
0.257576,1.01867
-0.269162,-0.0934159

0.0169073,-0.919891
0.263904,1.02077
-0.280811,-0.100877

0.0221873,-0.914377
0.270201,1.02278
-0.292388,-0.108405

0.0274222,-0.908712
0.276466,1.02471
-0.303888,-0.116

0.0326081,-0.902896
0.282701,1.02656
-0.315309,-0.123667

0.0377414,-0.896929
0.288904,1.02833
-0.326646,-0.131406

0.0428184,-0.890809
0.295077,1.03003
-0.337896,-0.139219

0.0478352,-0.884538
0.30122,1.03165
-0.349055,-0.147108

0.052788,-0.878114
0.307332,1.03319
-0.36012,-0.155075

0.0576727,-0.871539
0.313415,1.03466
-0.371088,-0.163119

0.0624855,-0.864812
0.319468,1.03606
-0.381953,-0.171243

0.0672225,-0.857934
0.325491,1.03738
-0.392714,-0.179447

0.0718796,-0.850906
0.331485,1.03864
-0.403365,-0.187731

0.076453,-0.843728
0.337451,1.03982
-0.413904,-0.196094

0.0809387,-0.836402
0.343388,1.04094
-0.424326,-0.204538

0.0853328,-0.828929
0.349296,1.04199
-0.434629,-0.213062

0.0896316,-0.821311
0.355176,1.04298
-0.444808,-0.221664

0.0938312,-0.81355
0.361029,1.04389
-0.45486,-0.230344

0.097928,-0.805646
0.366854,1.04475
-0.464782,-0.239101

0.101918,-0.797603
0.372651,1.04554
-0.474569,-0.247933

0.105799,-0.789423
0.378421,1.04626
-0.48422,-0.25684

0.109566,-0.781108
0.384165,1.04693
-0.493731,-0.265818

0.113217,-0.772661
0.389882,1.04753
-0.503099,-0.274866

0.116748,-0.764084
0.395572,1.04807
-0.512321,-0.283981

0.120157,-0.755382
0.401237,1.04854
-0.521394,-0.293162

0.123441,-0.746556
0.406875,1.04896
-0.530316,-0.302405

0.126597,-0.73761
0.412487,1.04932
-0.539084,-0.311707

0.129623,-0.728548
0.418074,1.04961
-0.547697,-0.321067

0.132517,-0.719373
0.423636,1.04985
-0.556152,-0.330479

0.135276,-0.710088
0.429172,1.05003
-0.564448,-0.339942

0.1379,-0.700698
0.434683,1.05015
-0.572583,-0.349451

0.140386,-0.691207
0.440169,1.05021
-0.580556,-0.359004

0.142734,-0.681617
0.445631,1.05021
-0.588365,-0.368597

0.144942,-0.671933
0.451067,1.05016
-0.596009,-0.378225

0.147009,-0.662159
0.45648,1.05004
-0.603488,-0.387886

0.148935,-0.652299
0.461867,1.04987
-0.610802,-0.397575

0.150719,-0.642356
0.46723,1.04964
-0.61795,-0.407289

0.152362,-0.632335
0.472569,1.04936
-0.624931,-0.417024

0.153863,-0.622239
0.477884,1.04902
-0.631747,-0.426776

0.155222,-0.612073
0.483175,1.04861
-0.638397,-0.436542

0.15644,-0.60184
0.488441,1.04816
-0.644881,-0.446317

0.157518,-0.591543
0.493683,1.04764
-0.651201,-0.456098

0.158456,-0.581187
0.498901,1.04707
-0.657358,-0.465882

0.159256,-0.570775
0.504095,1.04644
-0.663352,-0.475664

0.159919,-0.56031
0.509265,1.04575
-0.669184,-0.485441

0.160446,-0.549797
0.514411,1.04501
-0.674857,-0.49521

0.160838,-0.539237
0.519532,1.0442
-0.680371,-0.504968

0.161098,-0.528635
0.524629,1.04334
-0.685728,-0.51471

0.161228,-0.517993
0.529702,1.04243
-0.690929,-0.524435

0.161228,-0.507314
0.53475,1.04145
-0.695978,-0.534138

0.161102,-0.496601
0.539773,1.04042
-0.700875,-0.543818

0.160851,-0.485857
0.544772,1.03933
-0.705623,-0.553471

0.160479,-0.475083
0.549746,1.03818
-0.710224,-0.563094

0.159986,-0.464283
0.554694,1.03697
-0.71468,-0.572686

0.159377,-0.453459
0.559618,1.0357
-0.718994,-0.582242

0.158652,-0.442613
0.564515,1.03438
-0.723168,-0.591762

0.157816,-0.431747
0.569388,1.03299
-0.727203,-0.601243

0.15687,-0.420862
0.574234,1.03154
-0.731104,-0.610683

0.155818,-0.40996
0.579054,1.03004
-0.734872,-0.620079

0.154663,-0.399043
0.583847,1.02847
-0.73851,-0.629431

0.153406,-0.388112
0.588614,1.02685
-0.74202,-0.638736

0.152052,-0.377169
0.593353,1.02516
-0.745405,-0.647992

0.150602,-0.366215
0.598065,1.02341
-0.748667,-0.657199

0.14906,-0.355251
0.602749,1.0216
-0.751809,-0.666354

0.147429,-0.344277
0.607405,1.01973
-0.754834,-0.675457

0.145712,-0.333295
0.612032,1.0178
-0.757744,-0.684506

0.143912,-0.322305
0.61663,1.0158
-0.760542,-0.6935

0.142031,-0.311308
0.621199,1.01375
-0.76323,-0.702438

0.140074,-0.300304
0.625737,1.01162
-0.765811,-0.711319

0.138042,-0.289294
0.630245,1.00944
-0.768286,-0.720143

0.135938,-0.278279
0.634722,1.00719
-0.77066,-0.728908

0.133766,-0.267258
0.639167,1.00487
-0.772933,-0.737615

0.131529,-0.256231
0.64358,1.00249
-0.775109,-0.746261

0.12923,-0.245199
0.64796,1.00005
-0.77719,-0.754848

0.126871,-0.234161
0.652307,0.997536
-0.779177,-0.763374

0.124455,-0.223119
0.656619,0.994958
-0.781074,-0.77184

0.121986,-0.21207
0.660897,0.992314
-0.782883,-0.780244

0.119466,-0.201016
0.665139,0.989602
-0.784605,-0.788587

0.116898,-0.189955
0.669345,0.986823
-0.786243,-0.796868

0.114285,-0.178888
0.673514,0.983975
-0.787799,-0.805087

0.111631,-0.167814
0.677645,0.981059
-0.789275,-0.813245

0.108937,-0.156733
0.681737,0.978074
-0.790673,-0.821341

0.106206,-0.145644
0.685789,0.975019
-0.791995,-0.829375

