0.00266211,0.00128102
0.998606,-0.00064051
-1.00127,-0.00064051

0.00532582,0.00256166
0.997087,-0.00128083
-1.00241,-0.00128083

0.00799272,0.00384152
0.995441,-0.00192075
-1.00343,-0.00192077

0.0106644,0.00512023
0.993667,-0.00256007
-1.00433,-0.00256016

0.0133426,0.0063974
0.991765,-0.00319858
-1.00511,-0.00319882

0.0160287,0.00767264
0.989734,-0.00383608
-1.00576,-0.00383656

0.0187246,0.00894555
0.987571,-0.00447232
-1.0063,-0.00447323

0.0214318,0.0102157
0.985277,-0.00510709
-1.00671,-0.00510865

0.0241521,0.0114828
0.982851,-0.00574015
-1.007,-0.00574266

0.0268871,0.0127464
0.98029,-0.00637125
-1.00718,-0.0063751

0.0296385,0.014006
0.977594,-0.00700015
-1.00723,-0.00700581

0.0324082,0.0152612
0.974761,-0.00762659
-1.00717,-0.00763464

0.035198,0.0165117
0.971791,-0.00825029
-1.00699,-0.00826143

0.0380096,0.017757
0.968681,-0.00887098
-1.00669,-0.00888604

0.0408451,0.0189967
0.96543,-0.00948838
-1.00628,-0.00950831

0.0437062,0.0202303
0.962037,-0.0101022
-1.00574,-0.0101281

0.046595,0.0214573
0.958499,-0.0107121
-1.00509,-0.0107453

0.0495136,0.0226774
0.954815,-0.0113177
-1.00433,-0.0113597

0.052464,0.02389
0.950984,-0.0119188
-1.00345,-0.0119712

0.0554485,0.0250946
0.947003,-0.0125149
-1.00245,-0.0125796

0.0584692,0.0262907
0.94287,-0.0131058
-1.00134,-0.0131849

0.0615286,0.0274779
0.938583,-0.013691
-1.00011,-0.0137869

0.0646291,0.0286555
0.93414,-0.0142701
-0.998769,-0.0143854

0.067773,0.0298231
0.929538,-0.0148427
-0.997311,-0.0149803

0.0709632,0.03098
0.924776,-0.0154084
-0.995739,-0.0155716

0.0742024,0.0321256
0.919849,-0.0159666
-0.994052,-0.016159

0.0774933,0.0332594
0.914757,-0.0165169
-0.99225,-0.0167425

0.080839,0.0343807
0.909494,-0.0170588
-0.990333,-0.0173219

0.0842427,0.0354888
0.90406,-0.0175917
-0.988302,-0.0178971

0.0877076,0.036583
0.898449,-0.018115
-0.986157,-0.018468

0.0912372,0.0376627
0.89266,-0.0186282
-0.983897,-0.0190345

0.0948353,0.0387269
0.886687,-0.0191305
-0.981522,-0.0195964

0.0985056,0.0397749
0.880527,-0.0196212
-0.979033,-0.0201536

0.102252,0.0408058
0.874177,-0.0200997
-0.976429,-0.0207061

0.10608,0.0418187
0.867631,-0.020565
-0.97371,-0.0212537

0.109993,0.0428126
0.860885,-0.0210164
-0.970877,-0.0217962

0.113996,0.0437866
0.853933,-0.0214528
-0.967929,-0.0223337

0.118094,0.0447394
0.846771,-0.0218734
-0.964865,-0.022866

0.122294,0.0456699
0.839392,-0.022277
-0.961687,-0.023393

0.126602,0.0465769
0.831791,-0.0226624
-0.958393,-0.0239145

0.131023,0.0474589
0.82396,-0.0230283
-0.954983,-0.0244306

0.135565,0.0483145
0.815893,-0.0233735
-0.951457,-0.024941

0.140235,0.049142
0.807581,-0.0236962
-0.947816,-0.0254458

0.145042,0.0499397
0.799016,-0.023995
-0.944058,-0.0259448

0.149995,0.0507057
0.790189,-0.0242678
-0.940183,-0.0264379

0.155103,0.0514377
0.781089,-0.0245127
-0.936192,-0.026925

0.160378,0.0521335
0.771706,-0.0247273
-0.932083,-0.0274062

0.16583,0.0527903
0.762026,-0.0249091
-0.927857,-0.0278812

0.171475,0.0534053
0.752038,-0.0250552
-0.923513,-0.02835

0.177325,0.0539751
0.741725,-0.0251624
-0.91905,-0.0288126

0.183398,0.0544959
0.731071,-0.0252269
-0.914469,-0.0292689

0.189711,0.0549634
0.720057,-0.0252445
-0.909768,-0.0297188

0.196286,0.0553726
0.708662,-0.0252102
-0.904948,-0.0301624

0.203147,0.0557177
0.696861,-0.0251183
-0.900008,-0.0305994

0.21032,0.0559918
0.684627,-0.0249619
-0.894947,-0.0310299

0.217839,0.056187
0.671926,-0.024733
-0.889765,-0.0314539

0.225739,0.0562932
0.658722,-0.0244219
-0.884461,-0.0318713

0.234065,0.0562986
0.64497,-0.0240165
-0.879035,-0.0322822

0.242872,0.0561883
0.630614,-0.0235018
-0.873486,-0.0326864

0.252224,0.0559431
0.615589,-0.022859
-0.867813,-0.0330841

0.262204,0.0555383
0.599811,-0.0220632
-0.862016,-0.0334751

0.272918,0.0549407
0.583175,-0.021081
-0.856093,-0.0338596

0.284506,0.0541037
0.565539,-0.0198661
-0.850045,-0.0342376

0.297162,0.0529593
0.546707,-0.0183502
-0.84387,-0.034609

0.31117,0.0514011
0.526397,-0.0164271
-0.837567,-0.034974

0.326975,0.049247
0.504159,-0.0139144
-0.831134,-0.0353326

0.344921,0.0462981
0.479651,-0.0106131
-0.824572,-0.035685

0.364479,0.0426326
0.4534,-0.00660156
-0.817879,-0.0360311

0.385077,0.038347
0.425976,-0.00197601
-0.811053,-0.036371

0.406117,0.033553
0.397975,0.00315176
-0.804092,-0.0367048

0.426987,0.0283751
0.370006,0.00865726
-0.796994,-0.0370323

0.447079,0.0229471
0.342677,0.0144064
-0.789756,-0.0373534

0.4658,0.0174092
0.316575,0.0202587
-0.782375,-0.0376678

0.482592,0.0119041
0.292256,0.026071
-0.774848,-0.0379751

0.496942,0.00657355
0.270229,0.031701
-0.767171,-0.0382746

0.509318,0.00145253
0.25002,0.0371131
-0.759338,-0.0385656

0.520187,-0.00347158
0.231159,0.042319
-0.751347,-0.0388474

0.529841,-0.00821467
0.21335,0.0473337
-0.743191,-0.039119

0.538479,-0.0127918
0.196386,0.0521712
-0.734865,-0.0393793

0.546245,-0.0172164
0.180119,0.0568436
-0.726364,-0.0396272

0.553247,-0.0215
0.164434,0.0613613
-0.717682,-0.0398613

0.559569,-0.0256526
0.149243,0.0657326
-0.708812,-0.04008

0.565275,-0.0296829
0.134471,0.0699645
-0.699746,-0.0402816

0.570421,-0.0335984
0.120057,0.0740626
-0.690479,-0.0404642

0.575051,-0.0374059
0.10595,0.0780314
-0.681,-0.0406256

0.579201,-0.0411111
0.0921017,0.0818744
-0.671303,-0.0407633

0.582903,-0.0447193
0.0784728,0.0855937
-0.661376,-0.0408744

0.586184,-0.0482352
0.0650257,0.0891911
-0.651209,-0.0409559

0.589066,-0.0516629
0.0517258,0.0926669
-0.640792,-0.041004

0.591571,-0.0550062
0.0385404,0.0960208
-0.630111,-0.0410146

0.593715,-0.0582686
0.0254384,0.0992514
-0.619153,-0.0409828

0.595513,-0.0614533
0.0123888,0.102356
-0.607902,-0.0409032

0.596981,-0.064563
-0.000638667,0.105332
-0.596342,-0.0407692

0.598129,-0.0676005
-0.0136752,0.108174
-0.584454,-0.0405733

0.598968,-0.0705682
-0.0267526,0.110875
-0.572216,-0.0403065

0.599508,-0.0734684
-0.0399045,0.113427
-0.559604,-0.0399583

0.599758,-0.0763033
-0.0531668,0.115819
-0.546591,-0.0395158

0.599725,-0.0790748
-0.0665784,0.118038
-0.533146,-0.0389635

0.599415,-0.0817847
-0.0801826,0.120067
-0.519232,-0.0382824

0.598835,-0.0844349
-0.0940278,0.121884
-0.504807,-0.0374486

0.597989,-0.0870271
-0.10817,0.123459
-0.489819,-0.0364321

0.596883,-0.0895626
-0.122674,0.124756
-0.474209,-0.0351938

0.59552,-0.0920432
-0.137619,0.125725
-0.457901,-0.0336822

0.593903,-0.0944701
-0.153099,0.126298
-0.440804,-0.0318275

0.592035,-0.0968446
-0.169234,0.126376
-0.422801,-0.0295315

0.589919,-0.0991681
-0.186178,0.125819
-0.403741,-0.0266507

0.587555,-0.101442
-0.204135,0.124406
-0.383419,-0.0229642

0.584944,-0.103666
-0.223385,0.121773
-0.361559,-0.0181072

0.582085,-0.105842
-0.244225,0.117354
-0.337861,-0.0115116

0.578979,-0.107971
-0.266104,0.111289
-0.312876,-0.0033172

0.575623,-0.110053
-0.28844,0.103757
-0.287183,0.00629536

0.572013,-0.112086
-0.310638,0.0949778
-0.261375,0.0171086

0.568146,-0.114071
-0.332102,0.085197
-0.236044,0.0288736

0.564017,-0.116003
-0.35225,0.0746867
-0.211766,0.0413164

0.559619,-0.117881
-0.370531,0.063736
-0.189088,0.0541447

0.554947,-0.119699
-0.386434,0.0526441
-0.168513,0.0670549

0.549994,-0.121453
-0.400138,0.0416709
-0.149856,0.079782

0.544754,-0.123136
-0.412193,0.0309143
-0.132561,0.0922221

0.53922,-0.124743
-0.422952,0.0204021
-0.116268,0.104341

0.533386,-0.126265
-0.432651,0.0101353
-0.100734,0.11613

0.527245,-0.127696
-0.441463,0.000104427
-0.0857824,0.127591

0.520791,-0.129025
-0.449511,-0.00970384
-0.0712804,0.138729

0.514017,-0.130244
-0.456891,-0.0193036
-0.0571264,0.149548

0.506918,-0.131343
-0.463678,-0.0287086
-0.0432397,0.160051

0.499485,-0.132309
-0.469931,-0.0379319
-0.0295544,0.170241

0.491715,-0.133132
-0.475698,-0.0469852
-0.0160164,0.180117

0.483599,-0.133798
-0.481019,-0.0558795
-0.0025804,0.189677

0.475133,-0.134292
-0.485925,-0.0646244
0.0107921,0.198917

0.466311,-0.134601
-0.490445,-0.0732289
0.024134,0.20783

0.457127,-0.134707
-0.494601,-0.081701
0.0374734,0.216408

0.447578,-0.134592
-0.498412,-0.0900477
0.0508345,0.22464

0.437658,-0.134238
-0.501896,-0.0982756
0.0642377,0.232513

0.427365,-0.133623
-0.505065,-0.106391
0.0777006,0.240014

0.416696,-0.132727
-0.507933,-0.114398
0.0912374,0.247125

0.40565,-0.131525
-0.510509,-0.122302
0.104859,0.253826

0.394227,-0.129991
-0.512802,-0.130106
0.118575,0.260098

0.38243,-0.1281
-0.514819,-0.137816
0.132389,0.265916

0.370263,-0.125822
-0.516565,-0.145433
0.146303,0.271255

0.357732,-0.123128
-0.518047,-0.15296
0.160315,0.276088

0.344847,-0.119987
-0.519268,-0.160401
0.17442,0.280387

0.331623,-0.116365
-0.520229,-0.167755
0.188607,0.28412

0.318075,-0.112232
-0.520935,-0.175025
0.20286,0.287257

0.304226,-0.107553
-0.521385,-0.182212
0.217159,0.289764

0.290103,-0.102296
-0.521581,-0.189315
0.231478,0.291611

0.275738,-0.0964324
-0.521522,-0.196335
0.245785,0.292767

0.261168,-0.0899333
-0.521208,-0.203271
0.260039,0.293204

0.246439,-0.082776
-0.520636,-0.210121
0.274198,0.292897

0.231598,-0.0749429
-0.519806,-0.216884
0.288209,0.291827

0.216699,-0.066424
-0.518715,-0.223556
0.302016,0.28998

0.201802,-0.057218
-0.517361,-0.230135
0.315559,0.287353

0.186964,-0.0473334
-0.515741,-0.236617
0.328777,0.28395

0.172248,-0.0367901
-0.513852,-0.242996
0.341604,0.279786

0.15771,-0.0256188
-0.511691,-0.249267
0.353981,0.274885

0.143407,-0.0138612
-0.509257,-0.255423
0.365849,0.269285

0.129387,-0.00156872
-0.506546,-0.261459
0.377159,0.263028

0.11569,0.0111991
-0.503558,-0.267366
0.387868,0.256167

0.10235,0.0243768
-0.500291,-0.273137
0.397941,0.248761

0.0893904,0.0378955
-0.496746,-0.278764
0.407356,0.240868

0.0768245,0.0516853
-0.492923,-0.284237
0.416098,0.232552

0.0646587,0.0656772
-0.488823,-0.289549
0.424164,0.223872

0.0528916,0.0798053
-0.484449,-0.294692
0.431558,0.214887

0.0415159,0.094008
-0.479805,-0.299657
0.438289,0.205649

0.0305199,0.108229
-0.474894,-0.304437
0.444374,0.196208

0.0198883,0.122417
-0.46972,-0.309025
0.449832,0.186607

0.00960389,0.136529
-0.46429,-0.313414
0.454686,0.176885

-0.00035169,0.150524
-0.458609,-0.317598
0.458961,0.167074

-0.00999719,0.16437
-0.452683,-0.321572
0.46268,0.157202

-0.0193511,0.178038
-0.446517,-0.325332
0.465868,0.147294

-0.0284313,0.191504
-0.440119,-0.328874
0.468551,0.137369

-0.0372546,0.204749
-0.433495,-0.332193
0.47075,0.127444

-0.0458369,0.217757
-0.426651,-0.335288
0.472488,0.117532

-0.0541926,0.230513
-0.419593,-0.338156
0.473786,0.107643

-0.0623353,0.243008
-0.412327,-0.340795
0.474663,0.0977867

-0.070277,0.255234
-0.404859,-0.343203
0.475136,0.0879695

-0.0780287,0.267184
-0.397193,-0.34538
0.475222,0.0781965

-0.0856004,0.278853
-0.389334,-0.347325
0.474935,0.0684717

-0.093001,0.290239
-0.381288,-0.349037
0.474289,0.0587978

-0.100239,0.301339
-0.373057,-0.350515
0.473296,0.0491766

-0.10732,0.312151
-0.364646,-0.35176
0.471967,0.0396092

-0.114252,0.322676
-0.356058,-0.352772
0.47031,0.030096

-0.121041,0.332913
-0.347294,-0.35355
0.468335,0.0206369

-0.127691,0.342863
-0.338358,-0.354094
0.466049,0.0112312

-0.134206,0.352527
-0.329251,-0.354405
0.463457,0.00187798

-0.140591,0.361906
-0.319973,-0.354482
0.460565,-0.00742413

-0.14685,0.371002
-0.310526,-0.354325
0.457376,-0.0166768

-0.152985,0.379817
-0.300909,-0.353935
0.453894,-0.0258818

-0.159,0.388353
-0.291121,-0.353312
0.45012,-0.0350414

-0.164896,0.396612
-0.28116,-0.352454
0.446056,-0.0441579

-0.170676,0.404595
-0.271026,-0.351361
0.441702,-0.0532339

-0.176341,0.412306
-0.260715,-0.350034
0.437056,-0.0622721

-0.181894,0.419746
-0.250222,-0.34847
0.432116,-0.0712755

-0.187336,0.426917
-0.239544,-0.34667
0.426879,-0.0802473

-0.192667,0.433823
-0.228674,-0.344632
0.421341,-0.0891908

-0.197888,0.440464
-0.217606,-0.342354
0.415494,-0.0981095

-0.203001,0.446843
-0.206331,-0.339835
0.409332,-0.107007

-0.208006,0.452961
-0.19484,-0.337073
0.402846,-0.115889

-0.212903,0.458822
-0.18312,-0.334065
0.396023,-0.124757

-0.217693,0.464427
-0.171159,-0.330809
0.388851,-0.133619

-0.222375,0.469778
-0.158939,-0.327301
0.381314,-0.142477

-0.22695,0.474877
-0.146441,-0.323538
0.373391,-0.151339

-0.231417,0.479725
-0.133642,-0.319516
0.365059,-0.160209

-0.235777,0.484325
-0.120514,-0.31523
0.356291,-0.169095

-0.240028,0.488678
-0.107024,-0.310674
0.347052,-0.178004

-0.244171,0.492785
-0.0931299,-0.305842
0.337301,-0.186942

-0.248204,0.496648
-0.0787805,-0.300729
0.326985,-0.19592

-0.252127,0.50027
-0.063911,-0.295325
0.316038,-0.204944

-0.255939,0.503651
-0.0484383,-0.289625
0.304378,-0.214026

-0.25964,0.506793
-0.0322521,-0.283619
0.291892,-0.223173

-0.263227,0.509697
-0.0152026,-0.277303
0.27843,-0.232394

-0.266701,0.512366
0.00292301,-0.270676
0.263778,-0.24169

-0.270059,0.514801
0.022444,-0.26375
0.247615,-0.251051

-0.273301,0.517003
0.043877,-0.256578
0.229424,-0.260425

-0.276425,0.518975
0.0675751,-0.249322
0.20885,-0.269653

-0.27943,0.520719
0.0929815,-0.242192
0.186449,-0.278527

-0.282316,0.522237
0.119495,-0.235391
0.162821,-0.286847

-0.285082,0.523533
0.146487,-0.229112
0.138595,-0.29442

-0.287727,0.524608
0.173314,-0.223535
0.114413,-0.301073

-0.290252,0.525467
0.199337,-0.218817
0.0909155,-0.30665

-0.292659,0.526112
0.223935,-0.215092
0.0687237,-0.31102

-0.294948,0.526546
0.246523,-0.212465
0.0484243,-0.314081

-0.29712,0.526772
0.267246,-0.210663
0.0298741,-0.316109

-0.299178,0.526791
0.286543,-0.209371
0.0126343,-0.317421

-0.301122,0.526606
0.304698,-0.208413
-0.00357537,-0.318193

-0.302955,0.526219
0.321902,-0.207684
-0.0189467,-0.318535

-0.304679,0.52563
0.338297,-0.207113
-0.033618,-0.318517

-0.306293,0.524841
0.353986,-0.206654
-0.0476925,-0.318188

-0.307802,0.523853
0.369052,-0.206272
-0.0612504,-0.317581

-0.309205,0.522666
0.383559,-0.205943
-0.0743548,-0.316723

-0.310504,0.52128
0.397561,-0.205648
-0.0870567,-0.315633

-0.311701,0.519697
0.411099,-0.205373
-0.0993981,-0.314323

-0.312798,0.517914
0.424212,-0.205107
-0.111414,-0.312807

-0.313795,0.515933
0.436929,-0.204842
-0.123133,-0.311091

-0.314695,0.513753
0.449277,-0.20457
-0.134582,-0.309183

-0.315498,0.511373
0.461279,-0.204286
-0.145781,-0.307087

-0.316206,0.508792
0.472955,-0.203985
-0.156749,-0.304807

-0.316821,0.506009
0.484322,-0.203664
-0.167501,-0.302345

-0.317343,0.503022
0.495397,-0.203319
-0.178054,-0.299703

-0.317774,0.499831
0.506193,-0.202949
-0.188418,-0.296882

-0.318117,0.496432
0.516722,-0.20255
-0.198605,-0.293882

-0.31837,0.492825
0.526995,-0.202121
-0.208625,-0.290704

-0.318538,0.489006
0.537024,-0.201662
-0.218486,-0.287345

-0.31862,0.484974
0.546816,-0.20117
-0.228196,-0.283805

-0.318618,0.480725
0.55638,-0.200644
-0.237762,-0.280081

-0.318534,0.476256
0.565724,-0.200084
-0.24719,-0.276172

-0.31837,0.471564
0.574854,-0.199489
-0.256485,-0.272075

-0.318126,0.466645
0.583778,-0.198858
-0.265651,-0.267787

-0.317806,0.461494
0.5925,-0.198191
-0.274694,-0.263303

-0.31741,0.456108
0.601026,-0.197488
-0.283616,-0.25862

-0.31694,0.450481
0.609361,-0.196748
-0.29242,-0.253733

-0.3164,0.444608
0.61751,-0.19597
-0.30111,-0.248637

-0.315791,0.438483
0.625476,-0.195156
-0.309685,-0.243327

-0.315115,0.432099
0.633264,-0.194304
-0.318149,-0.237796

-0.314376,0.42545
0.640878,-0.193414
-0.326502,-0.232036

-0.313576,0.418528
0.64832,-0.192486
-0.334744,-0.226041

-0.312719,0.411324
0.655593,-0.191521
-0.342875,-0.219803

-0.311808,0.403829
0.662702,-0.190518
-0.350893,-0.213311

-0.310849,0.396033
0.669647,-0.189477
-0.358798,-0.206556

-0.309846,0.387926
0.676432,-0.188398
-0.366586,-0.199527

-0.308804,0.379493
0.683059,-0.187282
-0.374255,-0.192211

-0.30773,0.370723
0.68953,-0.186128
-0.381801,-0.184595

-0.306631,0.3616
0.695847,-0.184937
-0.389217,-0.176663

-0.305516,0.352106
0.702012,-0.183708
-0.396496,-0.168398

-0.304394,0.342224
0.708026,-0.182442
-0.403632,-0.159782

-0.303279,0.331931
0.713891,-0.181139
-0.410612,-0.150792

-0.302183,0.321205
0.719608,-0.1798
-0.417425,-0.141406

-0.301125,0.310018
0.725179,-0.178423
-0.424054,-0.131595

-0.300124,0.298339
0.730604,-0.17701
-0.43048,-0.121329

-0.299206,0.286133
0.735885,-0.175562
-0.436679,-0.110572

-0.298403,0.27336
0.741022,-0.174077
-0.442619,-0.0992826

-0.297755,0.259971
0.746017,-0.172557
-0.448262,-0.0874138

-0.297311,0.245912
0.75087,-0.171002
-0.453559,-0.0749098

-0.297138,0.231118
0.755581,-0.169413
-0.458443,-0.0617053

-0.297324,0.215513
0.760152,-0.16779
-0.462828,-0.047723

-0.297985,0.199005
0.764582,-0.166133
-0.466597,-0.0328715

-0.299287,0.181487
0.768873,-0.164444
-0.469586,-0.0170432

-0.301465,0.162835
0.773024,-0.162722
-0.471559,-0.000112985

-0.304869,0.142913
0.777037,-0.160969
-0.472168,0.0180558

-0.310035,0.121598
0.780911,-0.159186
-0.470876,0.0375881

-0.317136,0.0992129
0.784647,-0.157374
-0.467511,0.0581609

-0.32604,0.0762969
0.788247,-0.155533
-0.462206,0.0792363

-0.336571,0.0534019
0.791709,-0.153666
-0.455138,0.100264

-0.348509,0.0310789
0.795037,-0.151772
-0.446528,0.120693

-0.361599,0.00986439
0.79823,-0.149853
-0.436632,0.139989

-0.375554,-0.00973357
0.801291,-0.14791
-0.425737,0.157644

-0.390066,-0.0272476
0.804221,-0.145944
-0.414154,0.173191

-0.404802,-0.0423324
0.80702,-0.143954
-0.402218,0.186287

-0.419448,-0.05551
0.80969,-0.141943
-0.390242,0.197453

-0.433852,-0.0671602
0.812233,-0.139909
-0.378381,0.207069

-0.447939,-0.077562
0.814649,-0.137853
-0.36671,0.215415

-0.461674,-0.0869243
0.81694,-0.135776
-0.355266,0.2227

-0.475045,-0.0954066
0.819107,-0.133676
-0.344062,0.229083

-0.48805,-0.103133
0.821149,-0.131555
-0.333098,0.234689

-0.500696,-0.110203
0.823068,-0.129412
-0.322372,0.239616

-0.51299,-0.116696
0.824864,-0.127247
-0.311874,0.243944

-0.524942,-0.122678
0.826538,-0.12506
-0.301596,0.247738

-0.536563,-0.128201
0.828089,-0.122851
-0.291526,0.251052

-0.547865,-0.133313
0.82952,-0.120619
-0.281654,0.253931

-0.558858,-0.13805
0.830828,-0.118364
-0.27197,0.256414

-0.569551,-0.142447
0.832015,-0.116086
-0.262464,0.258533

-0.579955,-0.146532
0.83308,-0.113785
-0.253125,0.260317

-0.590079,-0.15033
0.834024,-0.111461
-0.243944,0.26179

-0.599932,-0.153861
0.834845,-0.109112
-0.234913,0.262974

-0.609522,-0.157147
0.835545,-0.10674
-0.226023,0.263886

-0.618856,-0.160202
0.836122,-0.104343
-0.217266,0.264545

-0.627942,-0.163043
0.836576,-0.101922
-0.208634,0.264965

-0.636787,-0.165683
0.836907,-0.0994749
-0.20012,0.265158

-0.645397,-0.168135
0.837114,-0.097003
-0.191717,0.265138

-0.653777,-0.170409
0.837196,-0.0945053
-0.183419,0.264914

-0.661934,-0.172515
0.837153,-0.0919815
-0.175219,0.264496

-0.669873,-0.174462
0.836984,-0.0894312
-0.16711,0.263894

-0.677599,-0.17626
0.836687,-0.0868542
-0.159088,0.263114

-0.685116,-0.177915
0.836263,-0.0842499
-0.151147,0.262165

-0.692429,-0.179434
0.835709,-0.081618
-0.14328,0.261052

-0.699542,-0.180825
0.835025,-0.0789582
-0.135483,0.259783

-0.706459,-0.182092
0.83421,-0.07627
-0.127751,0.258362

-0.713184,-0.183242
0.833262,-0.073553
-0.120078,0.256795

-0.71972,-0.18428
0.832179,-0.0708067
-0.112459,0.255087

-0.72607,-0.185211
0.83096,-0.0680308
-0.10489,0.253242

-0.732238,-0.186039
0.829604,-0.0652248
-0.0973661,0.251264

-0.738227,-0.186768
0.828109,-0.0623883
-0.0898817,0.249156

-0.74404,-0.187402
0.826473,-0.0595208
-0.0824325,0.246923

-0.749679,-0.187946
0.824693,-0.0566219
-0.0750137,0.244568

-0.755148,-0.188402
0.822768,-0.053691
-0.0676208,0.242093

-0.760447,-0.188775
0.820696,-0.0507277
-0.0602488,0.239502

-0.765581,-0.189066
0.818474,-0.0477314
-0.052893,0.236797

-0.77055,-0.189279
0.816099,-0.0447018
-0.0455486,0.233981

-0.775358,-0.189418
0.813569,-0.0416381
-0.0382108,0.231056

-0.780006,-0.189484
0.81088,-0.03854
-0.0308745,0.228024

-0.784496,-0.18948
0.808031,-0.0354069
-0.0235346,0.224886

-0.788831,-0.189408
0.805017,-0.0322382
-0.0161861,0.221646

-0.793011,-0.189271
0.801835,-0.0290334
-0.00882351,0.218305

-0.797039,-0.189072
0.79848,-0.0257918
-0.00144137,0.214864

-0.800916,-0.188812
0.79495,-0.0225129
0.005966,0.211324

-0.804645,-0.188492
0.79124,-0.019196
0.0134045,0.207688

-0.808226,-0.188116
0.787345,-0.0158406
0.0208803,0.203957

-0.81166,-0.187685
0.78326,-0.012446
0.0283998,0.200131

-0.81495,-0.187201
0.77898,-0.00901155
0.0359698,0.196213

-0.818097,-0.186665
0.7745,-0.00553663
0.0435974,0.192202

-0.821102,-0.18608
0.769812,-0.00202055
0.05129,0.1881

-0.823966,-0.185446
0.76491,0.00153735
0.0590556,0.183909

-0.82669,-0.184766
0.759787,0.00513775
0.0669026,0.179628

-0.829276,-0.18404
0.754436,0.00878133
0.0748402,0.175259

-0.831725,-0.183271
0.748847,0.0124688
0.082878,0.170802

-0.834038,-0.182459
0.743012,0.0162007
0.0910265,0.166258

-0.836216,-0.181606
0.736919,0.0199778
0.099297,0.161628

-0.83826,-0.180713
0.730558,0.0238007
0.107702,0.156913

-0.840171,-0.179782
0.723917,0.0276699
0.116254,0.152112

-0.84195,-0.178814
0.716981,0.0315861
0.124969,0.147228

-0.843598,-0.17781
0.709735,0.0355494
0.133863,0.14226

-0.845116,-0.17677
0.702163,0.0395604
0.142953,0.13721

-0.846504,-0.175697
0.694244,0.0436191
0.152261,0.132078

-0.847764,-0.174591
0.685957,0.0477254
0.161808,0.126866

-0.848897,-0.173453
0.677276,0.0518788
0.171621,0.121575

-0.849903,-0.172285
0.668174,0.0560785
0.181728,0.116206

-0.850783,-0.171087
0.658617,0.060323
0.192166,0.110764

-0.851538,-0.16986
0.648566,0.0646098
0.202972,0.10525

-0.852169,-0.168604
0.637975,0.0689352
0.214194,0.0996693

-0.852676,-0.167322
0.626788,0.0732938
0.225888,0.0940285

-0.85306,-0.166014
0.614937,0.0776774
0.238123,0.0883365

-0.853322,-0.16468
0.602338,0.0820734
0.250984,0.0826066

-0.853463,-0.163321
0.588884,0.086463
0.264578,0.0768584

-0.853482,-0.161939
0.574435,0.0908165
0.279048,0.0711222

-0.853382,-0.160533
0.5588,0.0950858
0.294583,0.0654469

-0.853163,-0.159104
0.541711,0.0991888
0.311451,0.0599151

-0.852824,-0.157653
0.522767,0.102975
0.330057,0.0546784

-0.852367,-0.15618
0.501364,0.106147
0.351003,0.0500331

-0.851793,-0.154686
0.47803,0.108608
0.373763,0.0460779

-0.851101,-0.153171
0.453339,0.110277
0.397762,0.0428939

-0.850292,-0.151635
0.427898,0.111093
0.422394,0.0405424

-0.849366,-0.150078
0.402331,0.111014
0.447035,0.0390638

-0.848322,-0.1485
0.377262,0.110024
0.47106,0.0384762

-0.84716,-0.146902
0.353304,0.108127
0.493856,0.038775

-0.845879,-0.145282
0.331038,0.105348
0.514841,0.0399333

-0.844478,-0.14364
0.311001,0.101738
0.533477,0.0419021

-0.842956,-0.141977
0.292714,0.0976233
0.550241,0.0443533

-0.841311,-0.140291
0.275771,0.0932005
0.56554,0.0470907

-0.839541,-0.138584
0.259899,0.0885794
0.579642,0.0500041

-0.837646,-0.136853
0.244907,0.0838268
0.592739,0.0530265

-0.835622,-0.135101
0.230651,0.0789855
0.604971,0.056115

-0.833469,-0.133325
0.217023,0.0740842
0.616446,0.0592406

-0.831184,-0.131526
0.203934,0.0691427
0.62725,0.0623833

-0.828764,-0.129704
0.191315,0.0641752
0.63745,0.0655288

-0.826209,-0.127859
0.179107,0.0591919
0.647102,0.0686667

-0.823514,-0.12599
0.167261,0.0542004
0.656253,0.0717895

-0.820678,-0.124097
0.155736,0.0492062
0.664942,0.0748912

-0.817698,-0.122181
0.144494,0.0442137
0.673203,0.0779677

-0.81457,-0.120242
0.133505,0.0392259
0.681065,0.0810156

-0.811292,-0.118278
0.12274,0.0342455
0.688552,0.0840324

-0.807861,-0.11629
0.112174,0.0292742
0.695688,0.0870162

-0.804273,-0.114279
0.101783,0.0243136
0.70249,0.0899656

-0.800525,-0.112244
0.0915465,0.0193647
0.708978,0.0928793

-0.796612,-0.110185
0.0814453,0.0144285
0.715166,0.0957567

-0.79253,-0.108103
0.0714612,0.00950554
0.721069,0.0985972

-0.788276,-0.105997
0.0615773,0.00459647
0.726699,0.1014

-0.783845,-0.103867
0.0517774,-0.00029829
0.732067,0.104165

-0.779231,-0.101715
0.0420461,-0.00517836
0.737185,0.106893

-0.77443,-0.0995392
0.0323688,-0.0100434
0.742061,0.109583

-0.769435,-0.0973411
0.022731,-0.0148931
0.746704,0.112234

-0.764242,-0.0951209
0.0131187,-0.0197271
0.751123,0.114848

-0.758843,-0.092879
0.00351802,-0.024545
0.755324,0.117424

-0.753231,-0.090616
-0.00608479,-0.0293465
0.759316,0.119962

-0.7474,-0.0883326
-0.0157035,-0.034131
0.763103,0.122464

-0.741341,-0.0860294
-0.0253522,-0.038898
0.766693,0.124927

-0.735045,-0.0837076
-0.035045,-0.0436468
0.77009,0.127354

-0.728504,-0.0813681
-0.0447965,-0.0483766
0.7733,0.129745

-0.721706,-0.0790122
-0.0546217,-0.0530863
0.776328,0.132099

-0.714641,-0.0766416
-0.0645365,-0.0577747
0.779177,0.134416

-0.707295,-0.0742579
-0.0745574,-0.0624403
0.781853,0.136698

-0.699657,-0.0718634
-0.084702,-0.0670813
0.784359,0.138945

-0.69171,-0.0694606
-0.094989,-0.0716954
0.786699,0.141156

-0.683438,-0.0670525
-0.105439,-0.0762799
0.788877,0.143332

-0.674822,-0.0646427
-0.116073,-0.0808316
0.790895,0.145474

-0.66584,-0.0622358
-0.126916,-0.0853462
0.792757,0.147582

-0.65647,-0.0598371
-0.137995,-0.0898189
0.794465,0.149656

-0.646684,-0.0574531
-0.14934,-0.0942433
0.796024,0.151696

-0.63645,-0.055092
-0.160984,-0.0986117
0.797434,0.153704

-0.625732,-0.052764
-0.172966,-0.102914
0.798698,0.155678

-0.614488,-0.0504821
-0.185332,-0.107138
0.79982,0.15762

-0.602665,-0.0482629
-0.198134,-0.111267
0.8008,0.15953

-0.590205,-0.0461282
-0.211436,-0.11528
0.801641,0.161409

-0.577031,-0.0441073
-0.225313,-0.119148
0.802344,0.163255

-0.563049,-0.04224
-0.239862,-0.122831
0.802912,0.165071

-0.548142,-0.040583
-0.255203,-0.126274
0.803345,0.166857

-0.532151,-0.0392193
-0.271495,-0.129393
0.803646,0.168612

-0.514864,-0.0382769
-0.288951,-0.13206
0.803815,0.170337

-0.495978,-0.0379665
-0.307876,-0.134067
0.803854,0.172033

-0.475039,-0.0386666
-0.328725,-0.135033
0.803763,0.1737

-0.452212,-0.0405616
-0.351332,-0.134776
0.803544,0.175337

-0.428064,-0.0436238
-0.375133,-0.133323
0.803197,0.176947

-0.403191,-0.047796
-0.39953,-0.130732
0.802721,0.178527

-0.378207,-0.0529926
-0.42391,-0.127087
0.802117,0.18008

-0.353727,-0.059102
-0.447658,-0.122502
0.801385,0.181604

-0.33035,-0.0659892
-0.470174,-0.117109
0.800524,0.183098

-0.308648,-0.0734994
-0.490884,-0.111064
0.799533,0.184564

-0.28915,-0.0814617
-0.509261,-0.104537
0.79841,0.185999

-0.271604,-0.0896178
-0.525553,-0.0977848
0.797157,0.187403

-0.255527,-0.0978031
-0.540243,-0.0909713
0.79577,0.188774

-0.240601,-0.105937
-0.553648,-0.0841763
0.794249,0.190113

-0.226605,-0.113976
-0.565989,-0.0774413
0.792594,0.191417

-0.213378,-0.121898
-0.577425,-0.070788
0.790803,0.192686

-0.200798,-0.129691
-0.588077,-0.0642278
0.788875,0.193918

-0.188769,-0.137346
-0.598041,-0.0577663
0.78681,0.195112

-0.177216,-0.144862
-0.60739,-0.0514055
0.784605,0.196267

-0.166076,-0.152235
-0.616185,-0.0451455
0.782261,0.197381

-0.155299,-0.159467
-0.624477,-0.0389852
0.779777,0.198452

-0.144842,-0.166557
-0.632308,-0.0329226
0.77715,0.19948

-0.134668,-0.173506
-0.639713,-0.0269556
0.774381,0.200462

-0.124745,-0.180315
-0.646722,-0.0210815
0.771468,0.201397

-0.115047,-0.186985
-0.653363,-0.015298
0.768409,0.202283

-0.105548,-0.193517
-0.659657,-0.00960227
0.765205,0.203119

-0.0962292,-0.19991
-0.665625,-0.00399186
0.761854,0.203902

-0.0870702,-0.206167
-0.671285,0.00153574
0.758355,0.204631

-0.0780545,-0.212287
-0.676652,0.00698295
0.754706,0.205304

-0.0691668,-0.21827
-0.681741,0.0123521
0.750907,0.205918

-0.0603933,-0.224118
-0.686564,0.0176454
0.746957,0.206472

-0.0517215,-0.229829
-0.691132,0.022865
0.742853,0.206964

-0.0431399,-0.235404
-0.695456,0.028013
0.738596,0.207391

-0.0346378,-0.240843
-0.699545,0.0330912
0.734183,0.207751

-0.0262056,-0.246144
-0.703408,0.0381016
0.729614,0.208042

-0.017834,-0.251307
-0.707053,0.0430459
0.724887,0.208261

-0.00951466,-0.256331
-0.710485,0.0479258
0.72,0.208405

-0.0012397,-0.261215
-0.713713,0.0527428
0.714953,0.208472

0.00699829,-0.265958
-0.716742,0.0574986
0.709743,0.208459

0.0152063,-0.270558
-0.719577,0.0621946
0.70437,0.208363

0.0233909,-0.275014
-0.722223,0.0668322
0.698832,0.208181

0.0315583,-0.279323
-0.724686,0.0714126
0.693127,0.20791

0.0397144,-0.283484
-0.726968,0.0759373
0.687254,0.207547

0.0478649,-0.287494
-0.729076,0.0804073
0.681211,0.207087

0.0560151,-0.291351
-0.731011,0.0848239
0.674996,0.206527

0.0641703,-0.295052
-0.732778,0.0891881
0.668607,0.205864

0.0723353,-0.298594
-0.734379,0.0935011
0.662044,0.205093

0.080515,-0.301974
-0.735818,0.0977638
0.655303,0.20421

0.0887139,-0.305188
-0.737096,0.101977
0.648382,0.203211

0.0969364,-0.308232
-0.738218,0.106142
0.641281,0.20209

0.105187,-0.311102
-0.739184,0.11026
0.633997,0.200842

0.11347,-0.313793
-0.739996,0.11433
0.626527,0.199463

0.121789,-0.316302
-0.740658,0.118355
0.618869,0.197946

0.130148,-0.318621
-0.74117,0.122335
0.611022,0.196286

0.138551,-0.320745
-0.741534,0.126271
0.602983,0.194475

0.147001,-0.322669
-0.741751,0.130162
0.59475,0.192507

0.155503,-0.324385
-0.741823,0.134011
0.58632,0.190374

0.16406,-0.325887
-0.741751,0.137818
0.577692,0.188069

0.172674,-0.327165
-0.741536,0.141582
0.568861,0.185583

0.18135,-0.328211
-0.741178,0.145305
0.559827,0.182906

0.190091,-0.329017
-0.740678,0.148988
0.550587,0.180029

0.198898,-0.32957
-0.740037,0.15263
0.541139,0.17694

0.207776,-0.329862
-0.739255,0.156232
0.53148,0.173629

0.216726,-0.329878
-0.738333,0.159795
0.521607,0.170082

0.225751,-0.329605
-0.737271,0.163319
0.511521,0.166286

0.234852,-0.329029
-0.736069,0.166804
0.501217,0.162225

0.24403,-0.328133
-0.734726,0.170251
0.490696,0.157883

0.253288,-0.3269
-0.733243,0.173659
0.479955,0.153241

0.262623,-0.325309
-0.731619,0.177029
0.468996,0.148279

0.272037,-0.323337
-0.729854,0.180361
0.457817,0.142976

0.281526,-0.320962
-0.727947,0.183655
0.446421,0.137306

0.291088,-0.318154
-0.725897,0.186912
0.434809,0.131243

0.300717,-0.314885
-0.723704,0.19013
0.422987,0.124755

0.310407,-0.311119
-0.721367,0.19331
0.41096,0.117809

0.320145,-0.306817
-0.718884,0.196451
0.398739,0.110366

0.329919,-0.301938
-0.716254,0.199554
0.386335,0.102384

0.339709,-0.296433
-0.713476,0.202617
0.373767,0.0938153

0.349489,-0.290246
-0.710548,0.205641
0.361059,0.0846054

0.359224,-0.283318
-0.707468,0.208624
0.348243,0.0746946

0.36887,-0.275581
-0.704235,0.211565
0.335364,0.0640158

0.378367,-0.266959
-0.700846,0.214464
0.32248,0.0524951

0.387633,-0.257372
-0.6973,0.217319
0.309667,0.0400524

0.396567,-0.246733
-0.693595,0.22013
0.297028,0.0266031

0.40503,-0.234955
-0.689728,0.222893
0.284698,0.0120622

0.412848,-0.221959
-0.685697,0.225607
0.272849,-0.00364814

0.419798,-0.207685
-0.6815,0.228271
0.261702,-0.0205861

0.425606,-0.192112
-0.677135,0.230882
0.25153,-0.0387703

0.429952,-0.175284
-0.672601,0.233437
0.242649,-0.058153

0.432493,-0.157345
-0.667896,0.235934
0.235403,-0.0785892

0.432904,-0.138558
-0.663018,0.238371
0.230114,-0.0998132

0.43094,-0.119306
-0.657967,0.240745
0.227027,-0.121439

0.426499,-0.100056
-0.652743,0.243053
0.226244,-0.142997

0.419653,-0.0812813
-0.647346,0.245294
0.227693,-0.164013

0.410629,-0.0633893
-0.641774,0.247466
0.231146,-0.184077

0.39975,-0.0466666
-0.636029,0.249568
0.236278,-0.202902

0.387375,-0.0312715
-0.630108,0.251599
0.242733,-0.220327

0.373842,-0.017254
-0.624012,0.253557
0.25017,-0.236303

0.359441,-0.00458813
-0.617739,0.255442
0.258298,-0.250854

0.344409,0.00679776
-0.611286,0.257253
0.266877,-0.264051

0.328932,0.0169983
-0.604652,0.258989
0.27572,-0.275987

0.313149,0.0261163
-0.597834,0.260649
0.284684,-0.286765

0.297165,0.0342535
-0.590827,0.262232
0.293662,-0.296486

0.281056,0.0415063
-0.583628,0.263737
0.302571,-0.305243

0.264877,0.0479633
-0.576231,0.265162
0.311354,-0.313125

0.248666,0.0537052
-0.568631,0.266505
0.319965,-0.32021

0.232448,0.0588045
-0.560822,0.267764
0.328374,-0.326568

0.21624,0.0633264
-0.552797,0.268937
0.336557,-0.332263

0.20005,0.0673294
-0.544547,0.27002
0.344498,-0.337349

0.183879,0.0708665
-0.536065,0.27101
0.352185,-0.341877

0.167726,0.0739854
-0.527339,0.271904
0.359612,-0.34589

0.151585,0.07673
-0.518358,0.272697
0.366774,-0.349427

0.135443,0.0791406
-0.509111,0.273382
0.373667,-0.352523

0.11929,0.0812547
-0.499582,0.273955
0.380293,-0.35521

0.103107,0.0831076
-0.489757,0.274407
0.38665,-0.357515

0.0868765,0.0847335
-0.479617,0.27473
0.392741,-0.359464

0.0705754,0.0861652
-0.469143,0.274914
0.398567,-0.361079

0.0541777,0.0874357
-0.458309,0.274945
0.404132,-0.362381

0.0376537,0.0885786
-0.447091,0.274809
0.409437,-0.363388

0.020969,0.089629
-0.435456,0.274488
0.414487,-0.364117

0.00408377,0.0906248
-0.423368,0.273959
0.419284,-0.364584

-0.0130488,0.0916082
-0.410784,0.273193
0.423832,-0.364802

-0.030484,0.0926279
-0.397652,0.272156
0.428136,-0.364784

-0.0482883,0.0937422
-0.383909,0.270799
0.432197,-0.364541

-0.0665426,0.095024
-0.369478,0.269061
0.436021,-0.364085

-0.0853481,0.0965684
-0.354262,0.266856
0.43961,-0.363424

-0.104833,0.0985056
-0.338136,0.264062
0.442969,-0.362567

-0.125165,0.101024
-0.320936,0.260499
0.446101,-0.361523

-0.14657,0.104417
-0.30244,0.25588
0.44901,-0.360297

-0.169354,0.109177
-0.282344,0.249719
0.451698,-0.358896

-0.193419,0.115595
-0.260751,0.241731
0.45417,-0.357326

-0.2182,0.123498
-0.238228,0.232093
0.456428,-0.35559

-0.243112,0.132673
-0.215362,0.221019
0.458474,-0.353692

-0.267565,0.142875
-0.192747,0.208758
0.460311,-0.351632

-0.290975,0.153827
-0.170964,0.195585
0.461939,-0.349413

-0.312784,0.165234
-0.150573,0.181797
0.463357,-0.347031

-0.332469,0.176784
-0.132093,0.167703
0.464562,-0.344487

-0.349578,0.188161
-0.115975,0.153616
0.465553,-0.341777

-0.364825,0.199219
-0.101499,0.13968
0.466324,-0.338898

-0.378648,0.209918
-0.0882235,0.12593
0.466872,-0.335847

-0.391337,0.220259
-0.0758514,0.112361
0.467189,-0.33262

-0.403095,0.230258
-0.0641734,0.098954
0.467268,-0.329212

-0.414068,0.239933
-0.053034,0.0856863
0.467102,-0.325619

-0.424367,0.249304
-0.0423129,0.0725324
0.46668,-0.321836

-0.434079,0.258389
-0.0319132,0.0594676
0.465993,-0.317857

-0.443273,0.267207
-0.0217546,0.0464684
0.465027,-0.313676

-0.452002,0.275774
-0.0117681,0.0335119
0.46377,-0.309286

-0.460313,0.284104
-0.0018924,0.0205762
0.462206,-0.30468

-0.468244,0.292211
0.00792816,0.00763997
0.460316,-0.299851

-0.475826,0.300107
0.0177462,-0.00531739
0.45808,-0.29479

-0.483087,0.307803
0.0276127,-0.0183164
0.455475,-0.289487

-0.490051,0.315309
0.0375788,-0.0313774
0.452472,-0.283932

-0.496737,0.322635
0.0476974,-0.0445211
0.449039,-0.278114

-0.503163,0.329788
0.0580244,-0.0577683
0.445139,-0.272019

-0.509346,0.336776
0.0686215,-0.0711408
0.440724,-0.265635

-0.515298,0.343607
0.0795581,-0.0846608
0.43574,-0.258946

-0.521033,0.350286
0.0909148,-0.0983516
0.430119,-0.251935

-0.526562,0.356821
0.102789,-0.112237
0.423773,-0.244584

-0.531893,0.363217
0.115299,-0.126342
0.416594,-0.236875

-0.537036,0.369478
0.1286,-0.14069
0.408436,-0.228789

-0.541999,0.375611
0.142896,-0.155299
0.399102,-0.220311

-0.546788,0.381618
0.158475,-0.17018
0.388313,-0.211438

-0.55141,0.387506
0.17576,-0.185308
0.375651,-0.202198

-0.555871,0.393276
0.195429,-0.200572
0.360442,-0.192704

-0.560175,0.398933
0.217076,-0.215671
0.343099,-0.183262

-0.564326,0.40448
0.240218,-0.230301
0.324108,-0.174179

-0.568328,0.40992
0.264334,-0.244171
0.303994,-0.165749

-0.572184,0.415254
0.288876,-0.257006
0.283308,-0.158249

-0.575895,0.420484
0.313282,-0.268554
0.262613,-0.15193

-0.579464,0.425611
0.336992,-0.278596
0.242471,-0.147015

-0.582891,0.430636
0.359462,-0.286948
0.223429,-0.143687

-0.586178,0.435558
0.380174,-0.293466
0.206005,-0.142092

-0.589328,0.440377
0.399414,-0.298711
0.189914,-0.141666

-0.592339,0.445094
0.417434,-0.303042
0.174905,-0.142053

-0.595215,0.449709
0.434421,-0.306682
0.160794,-0.143027

-0.597956,0.45422
0.450514,-0.309781
0.147443,-0.144439

-0.600564,0.458627
0.465822,-0.312444
0.134742,-0.146184

-0.60304,0.462931
0.480432,-0.314745
0.122608,-0.148186

-0.605385,0.467131
0.494415,-0.316743
0.11097,-0.150388

-0.607601,0.471225
0.507828,-0.318481
0.099773,-0.152744

-0.609689,0.475214
0.52072,-0.319995
0.0889692,-0.15522

-0.61165,0.479098
0.533131,-0.321311
0.078519,-0.157787

-0.613486,0.482875
0.545097,-0.322453
0.0683887,-0.160423

-0.615198,0.486546
0.556649,-0.323439
0.0585491,-0.163107

-0.616787,0.490109
0.567812,-0.324285
0.048975,-0.165824

-0.618255,0.493564
0.578611,-0.325005
0.0396442,-0.16856

-0.619603,0.496912
0.589065,-0.325609
0.0305375,-0.171302

-0.620831,0.50015
0.599194,-0.326108
0.0216377,-0.174042

-0.621942,0.503279
0.609013,-0.326509
0.0129294,-0.17677

-0.622937,0.506298
0.618538,-0.326821
0.00439898,-0.179478

-0.623816,0.509207
0.627782,-0.327049
-0.00396576,-0.182158

-0.624581,0.512005
0.636757,-0.327199
-0.0121759,-0.184806

-0.625233,0.514692
0.645475,-0.327277
-0.0202415,-0.187415

-0.625774,0.517267
0.653945,-0.327287
-0.0281715,-0.18998

-0.626203,0.519729
0.662178,-0.327232
-0.0359744,-0.192497

-0.626523,0.522078
0.670181,-0.327117
-0.0436576,-0.194961

-0.626734,0.524313
0.677962,-0.326944
-0.0512281,-0.197369

-0.626838,0.526435
0.68553,-0.326717
-0.0586923,-0.199717

-0.626834,0.528441
0.69289,-0.326438
-0.066056,-0.202002

-0.626725,0.530331
0.70005,-0.32611
-0.0733248,-0.204221

-0.626511,0.532106
0.707015,-0.325735
-0.0805035,-0.206371

-0.626193,0.533764
0.71379,-0.325315
-0.0875968,-0.208449

-0.625773,0.535304
0.720382,-0.324851
-0.0946091,-0.210453

-0.625249,0.536726
0.726794,-0.324346
-0.101544,-0.21238

-0.624625,0.538029
0.733031,-0.3238
-0.108406,-0.214228

-0.6239,0.539212
0.739099,-0.323216
-0.115199,-0.215995

-0.623075,0.540274
0.744999,-0.322595
-0.121925,-0.217679

-0.622151,0.541215
0.750738,-0.321937
-0.128587,-0.219278

-0.621128,0.542034
0.756317,-0.321245
-0.135189,-0.220789

-0.620008,0.54273
0.761741,-0.320518
-0.141733,-0.222211

-0.61879,0.543301
0.767013,-0.319758
-0.148222,-0.223543

-0.617477,0.543747
0.772135,-0.318967
-0.154658,-0.224781

-0.616067,0.544068
0.777111,-0.318143
-0.161044,-0.225924

-0.614562,0.54426
0.781943,-0.31729
-0.167381,-0.226971

-0.612962,0.544325
0.786634,-0.316406
-0.173672,-0.227919

-0.611268,0.54426
0.791187,-0.315493
-0.179918,-0.228767

-0.609481,0.544064
0.795603,-0.314551
-0.186122,-0.229513

-0.6076,0.543737
0.799885,-0.313582
-0.192285,-0.230155

-0.605626,0.543276
0.804035,-0.312584
-0.198409,-0.230691

-0.60356,0.54268
0.808055,-0.31156
-0.204495,-0.23112

-0.601403,0.541948
0.811947,-0.310508
-0.210545,-0.231439

-0.599153,0.541078
0.815713,-0.309431
-0.21656,-0.231647

-0.596813,0.540068
0.819355,-0.308328
-0.222542,-0.231741

-0.594382,0.538918
0.822873,-0.307199
-0.228492,-0.231719

-0.59186,0.537624
0.826271,-0.306044
-0.23441,-0.23158

-0.589249,0.536186
0.829548,-0.304865
-0.2403,-0.231321

-0.586547,0.534601
0.832707,-0.303661
-0.24616,-0.23094

-0.583756,0.532867
0.83575,-0.302433
-0.251994,-0.230434

-0.580875,0.530982
0.838676,-0.30118
-0.257801,-0.229801

-0.577906,0.528943
0.841488,-0.299903
-0.263582,-0.22904

-0.574847,0.526749
0.844186,-0.298603
-0.269339,-0.228146

-0.5717,0.524396
0.846773,-0.297278
-0.275072,-0.227117

-0.568465,0.521882
0.849248,-0.295931
-0.280783,-0.225951

-0.565141,0.519204
0.851612,-0.294559
-0.286471,-0.224645

-0.561729,0.516359
0.853868,-0.293164
-0.292139,-0.223194

-0.558229,0.513343
0.856015,-0.291746
-0.297786,-0.221597

-0.554642,0.510154
0.858055,-0.290305
-0.303413,-0.219849

-0.550967,0.506788
0.859988,-0.288841
-0.309021,-0.217947

-0.547204,0.50324
0.861815,-0.287353
-0.314611,-0.215887

-0.543354,0.499507
0.863537,-0.285842
-0.320183,-0.213665

-0.539418,0.495585
0.865154,-0.284309
-0.325737,-0.211276

-0.535394,0.491468
0.866667,-0.282752
-0.331274,-0.208716

-0.531283,0.487151
0.868077,-0.281172
-0.336794,-0.20598

-0.527086,0.48263
0.869384,-0.279568
-0.342298,-0.203062

-0.522802,0.477899
0.870589,-0.277942
-0.347786,-0.199957

-0.518433,0.472951
0.871691,-0.276292
-0.353258,-0.196659

-0.513978,0.46778
0.872692,-0.274619
-0.358714,-0.193161

-0.509438,0.462379
0.873592,-0.272923
-0.364154,-0.189456

-0.504813,0.45674
0.874391,-0.271203
-0.369579,-0.185537

-0.500103,0.450854
0.87509,-0.26946
-0.374986,-0.181394

-0.495311,0.444713
0.875688,-0.267692
-0.380377,-0.177021

-0.490435,0.438307
0.876186,-0.265901
-0.385751,-0.172405

-0.485478,0.431624
0.876585,-0.264086
-0.391106,-0.167538

-0.480441,0.424654
0.876883,-0.262247
-0.396442,-0.162407

-0.475325,0.417383
0.877082,-0.260383
-0.401757,-0.156999

-0.470131,0.409796
0.877181,-0.258495
-0.40705,-0.151301

-0.464864,0.401878
0.877181,-0.256583
-0.412317,-0.145295

-0.459524,0.393611
0.877081,-0.254645
-0.417557,-0.138965

-0.454116,0.384974
0.876881,-0.252683
-0.422765,-0.132292

-0.448644,0.375947
0.876582,-0.250695
-0.427938,-0.125252

-0.443114,0.366502
0.876182,-0.248682
-0.433068,-0.11782

-0.437532,0.356611
0.875682,-0.246643
-0.43815,-0.109968

-0.431907,0.346241
0.875082,-0.244578
-0.443175,-0.101663

-0.426251,0.335353
0.874381,-0.242487
-0.44813,-0.0928661

-0.420577,0.323901
0.873578,-0.240369
-0.453002,-0.0835321

-0.414904,0.311833
0.872674,-0.238225
-0.45777,-0.073608

-0.409258,0.299084
0.871668,-0.236054
-0.46241,-0.0630299

-0.403673,0.285577
0.870559,-0.233856
-0.466886,-0.0517203

-0.398195,0.271215
0.869347,-0.231631
-0.471152,-0.0395835

-0.392891,0.255877
0.868031,-0.229378
-0.47514,-0.0264992

-0.38786,0.239411
0.86661,-0.227097
-0.47875,-0.0123131

-0.38325,0.221611
0.865084,-0.224789
-0.481834,0.00317767

-0.379304,0.202205
0.863451,-0.222452
-0.484148,0.0202466

-0.376434,0.180816
0.861711,-0.220087
-0.485277,0.0392707

-0.374868,0.15764
0.859863,-0.217694
-0.484994,0.0600541

-0.374622,0.133226
0.857905,-0.215272
-0.483283,0.0820466

-0.375676,0.108156
0.855837,-0.212823
-0.480161,0.104667

-0.377975,0.0830262
0.853657,-0.210346
-0.475682,0.12732

-0.381436,0.058436
0.851365,-0.207841
-0.46993,0.149405

-0.385941,0.0349697
0.84896,-0.205309
-0.46302,0.170339

-0.391347,0.0131834
0.846442,-0.20275
-0.455095,0.189567

-0.397488,-0.00640898
0.843809,-0.200165
-0.446321,0.206574

-0.404035,-0.0239697
0.841062,-0.197553
-0.437027,0.221523

-0.410736,-0.0399238
0.8382,-0.194916
-0.427464,0.234839

-0.417454,-0.0545685
0.835221,-0.192252
-0.417768,0.246821

-0.424111,-0.0681191
0.832127,-0.189563
-0.408016,0.257682

-0.430659,-0.0807371
0.828916,-0.186849
-0.398257,0.267586

-0.437069,-0.0925467
0.825588,-0.184109
-0.388519,0.276656

-0.443323,-0.103646
0.822143,-0.181343
-0.37882,0.284989

-0.449409,-0.114113
0.818579,-0.178552
-0.369169,0.292665

-0.455321,-0.124013
0.814896,-0.175735
-0.359575,0.299748

-0.461054,-0.133398
0.811093,-0.172892
-0.350039,0.306291

-0.466606,-0.142314
0.807171,-0.170023
-0.340564,0.312338

-0.471977,-0.150799
0.803127,-0.167128
-0.33115,0.317927

-0.477166,-0.158884
0.798961,-0.164206
-0.321795,0.32309

-0.482174,-0.166599
0.794673,-0.161257
-0.312498,0.327856

-0.487002,-0.173967
0.79026,-0.158281
-0.303258,0.332248

-0.491651,-0.18101
0.785723,-0.155277
-0.294072,0.336287

-0.496123,-0.187747
0.78106,-0.152245
-0.284938,0.339992

-0.500418,-0.194195
0.77627,-0.149184
-0.275853,0.34338

-0.504538,-0.20037
0.771352,-0.146094
-0.266814,0.346464

-0.508485,-0.206283
0.766304,-0.142974
-0.257819,0.349258

-0.51226,-0.211949
0.761125,-0.139824
-0.248864,0.351772

-0.515864,-0.217376
0.755813,-0.136642
-0.239948,0.354019

-0.519299,-0.222577
0.750367,-0.133429
-0.231067,0.356005

-0.522566,-0.227558
0.744785,-0.130182
-0.222219,0.357741

-0.525665,-0.23233
0.739065,-0.126902
-0.2134,0.359232

-0.528598,-0.236898
0.733205,-0.123588
-0.204607,0.360486

-0.531366,-0.241271
0.727204,-0.120237
-0.195838,0.361508

-0.533969,-0.245454
0.721058,-0.11685
-0.187089,0.362304

-0.536409,-0.249453
0.714766,-0.113426
-0.178357,0.362879

-0.538686,-0.253274
0.708325,-0.109962
-0.16964,0.363236

-0.5408,-0.256921
0.701733,-0.106457
-0.160934,0.363379

-0.542751,-0.2604
0.694986,-0.102911
-0.152235,0.363311

-0.544542,-0.263714
0.688082,-0.0993214
-0.143541,0.363036

-0.54617,-0.266867
0.681017,-0.0956866
-0.134847,0.362554

-0.547638,-0.269864
0.673789,-0.0920049
-0.126151,0.361868

-0.548944,-0.272706
0.666392,-0.0882742
-0.117448,0.36098

-0.550089,-0.275398
0.658824,-0.0844926
-0.108734,0.359891

-0.551073,-0.277942
0.651079,-0.0806577
-0.100006,0.3586

-0.551895,-0.280342
0.643154,-0.076767
-0.091259,0.357109

-0.552556,-0.282599
0.635044,-0.0728179
-0.0824882,0.355417

-0.553054,-0.284715
0.626743,-0.0688073
-0.0736889,0.353523

-0.55339,-0.286694
0.618246,-0.064732
-0.0648558,0.351426

-0.553563,-0.288537
0.609546,-0.0605885
-0.0559834,0.349125

-0.553571,-0.290245
0.600637,-0.0563729
-0.0470656,0.346618

-0.553415,-0.291821
0.591511,-0.0520808
-0.0380958,0.343902

-0.553094,-0.293266
0.582161,-0.0477075
-0.0290671,0.340974

-0.552606,-0.294582
0.572577,-0.0432475
-0.0199717,0.337829

-0.55195,-0.295769
0.562751,-0.038695
-0.010801,0.334464

-0.551125,-0.296829
0.552671,-0.0340432
-0.00154574,0.330872

-0.55013,-0.297763
0.542326,-0.0292844
0.00780459,0.327047

-0.548964,-0.298571
0.531702,-0.0244101
0.0172616,0.322982

-0.547624,-0.299256
0.520786,-0.0194104
0.0268385,0.318666

-0.546109,-0.299817
0.509559,-0.0142738
0.03655,0.31409

-0.544418,-0.300254
0.498005,-0.00898701
0.0464131,0.309241

-0.542548,-0.300569
0.4861,-0.00353447
0.0564476,0.304104

-0.540496,-0.300762
0.47382,0.00210235
0.066676,0.29866

-0.538262,-0.300833
0.461137,0.00794569
0.0771252,0.292887

-0.535841,-0.300782
0.448014,0.0140227
0.0878273,0.286759

-0.533233,-0.300609
0.434412,0.0203668
0.0988208,0.280242

-0.530433,-0.300313
0.42028,0.0270205
0.110153,0.273293

-0.527439,-0.299896
0.405554,0.0340386
0.121884,0.265857

-0.524247,-0.299355
0.390156,0.0414938
0.134091,0.257861

-0.520854,-0.298691
0.37398,0.0494866
0.146874,0.249204

-0.517257,-0.297903
0.356882,0.0581621
0.160375,0.23974

-0.513451,-0.296989
0.338654,0.0677433
0.174797,0.229245

-0.509432,-0.295948
0.318973,0.0786049
0.190459,0.217343

-0.505195,-0.294779
0.297576,0.0911509
0.20762,0.203628

-0.500737,-0.29348
0.27494,0.105048
0.225797,0.188432

-0.496053,-0.292048
0.251574,0.119928
0.244479,0.17212

-0.491137,-0.29048
0.227998,0.135393
0.263138,0.155087

-0.485985,-0.288773
0.204739,0.151032
0.281247,0.137741

-0.480595,-0.286923
0.18231,0.166425
0.298285,0.120498

-0.474962,-0.284925
0.161203,0.181156
0.313759,0.103769

-0.469083,-0.282775
0.141873,0.194825
0.32721,0.0879502

-0.462956,-0.280468
0.124304,0.2073
0.338651,0.0731682

-0.456577,-0.277998
0.10793,0.218835
0.348647,0.0591634

-0.449945,-0.275362
0.0924214,0.229591
0.357523,0.0457703

-0.443056,-0.272552
0.0775693,0.239676
0.365487,0.0328758

-0.435909,-0.269563
0.0632299,0.249165
0.372679,0.0203983

-0.4285,-0.26639
0.0492996,0.258113
0.3792,0.00827642

-0.420827,-0.263025
0.0357011,0.266562
0.385126,-0.00353715

-0.412888,-0.259463
0.0223747,0.274543
0.390513,-0.0150799

-0.40468,-0.255696
0.00927335,0.282079
0.395407,-0.0263822

-0.396201,-0.251718
-0.00364055,0.289186
0.399841,-0.0374686

-0.387448,-0.24752
-0.0163976,0.29588
0.403846,-0.0483599

-0.37842,-0.243094
-0.0290227,0.302167
0.407442,-0.059073

-0.369113,-0.238433
-0.0415364,0.308056
0.410649,-0.0696226

-0.359526,-0.233528
-0.0539557,0.313548
0.413482,-0.0800207

-0.349657,-0.228368
-0.0662943,0.318646
0.415951,-0.0902776

-0.339504,-0.222945
-0.0785634,0.323348
0.418068,-0.100402

-0.329066,-0.217249
-0.0907715,0.327651
0.419838,-0.110401

-0.318342,-0.21127
-0.102925,0.331551
0.421267,-0.120282

-0.307331,-0.204996
-0.115029,0.335043
0.42236,-0.130047

-0.296033,-0.198416
-0.127085,0.338118
0.423118,-0.139703

-0.284448,-0.191519
-0.139094,0.340769
0.423542,-0.14925

-0.272579,-0.184293
-0.151054,0.342984
0.423633,-0.158691

-0.260427,-0.176727
-0.162961,0.344754
0.423388,-0.168027

-0.247996,-0.168809
-0.174809,0.346066
0.422805,-0.177257

-0.235291,-0.160528
-0.186591,0.346908
0.421881,-0.18638

-0.222317,-0.151872
-0.198294,0.347266
0.420611,-0.195393

-0.209085,-0.142833
-0.209905,0.347126
0.41899,-0.204293

-0.195603,-0.133402
-0.221408,0.346476
0.417011,-0.213074

-0.181885,-0.123572
-0.232784,0.345302
0.414668,-0.221729

-0.167945,-0.11334
-0.244009,0.343592
0.411954,-0.230251

-0.153801,-0.102705
-0.255059,0.341335
0.40886,-0.23863

-0.139475,-0.0916694
-0.265905,0.338524
0.40538,-0.246855

-0.124989,-0.0802421
-0.276515,0.335153
0.401505,-0.254911

-0.11037,-0.0684366
-0.286857,0.33122
0.397227,-0.262783

-0.0956468,-0.056273
-0.296896,0.326728
0.392542,-0.270455

-0.0808496,-0.0437777
-0.306594,0.321684
0.387444,-0.277907

-0.0660109,-0.0309846
-0.315919,0.316102
0.38193,-0.285117

-0.0511638,-0.0179339
-0.324834,0.309999
0.375998,-0.292065

-0.0363411,-0.00467192
-0.333309,0.303399
0.36965,-0.298727

-0.0215753,0.0087498
-0.341317,0.296329
0.362892,-0.305079

-0.00689691,0.0222764
-0.348834,0.288823
0.355731,-0.311099

0.00766527,0.0358511
-0.355842,0.280913
0.348177,-0.316764

0.0220851,0.0494173
-0.36233,0.272637
0.340245,-0.322054

0.0363393,0.0629202
-0.36829,0.26403
0.331951,-0.326951

0.0504072,0.0763081
-0.37372,0.255129
0.323313,-0.331437

0.0642713,0.0895342
-0.378623,0.245967
0.314352,-0.335501

0.0779165,0.102557
-0.383006,0.236575
0.305089,-0.339132

0.0913303,0.11534
-0.386876,0.226982
0.295546,-0.342322

0.104503,0.127854
-0.390245,0.217214
0.285742,-0.345068

0.117425,0.140075
-0.393125,0.207293
0.2757,-0.347368

0.130091,0.151982
-0.39553,0.197238
0.265439,-0.34922

0.142496,0.163562
-0.397472,0.187066
0.254975,-0.350628

0.154636,0.174805
-0.398963,0.176789
0.244327,-0.351594

0.166509,0.185702
-0.400017,0.16642
0.233508,-0.352123

0.178112,0.196252
-0.400645,0.155967
0.222532,-0.352219

0.189446,0.206451
-0.400856,0.145437
0.21141,-0.351889

0.200511,0.216302
-0.40066,0.134835
0.200149,-0.351137

0.211305,0.225805
-0.400065,0.124164
0.188759,-0.349969

0.221831,0.234965
-0.399076,0.113426
0.177245,-0.348391

0.23209,0.243785
-0.397699,0.102622
0.165609,-0.346406

0.242083,0.252271
-0.395938,0.0917492
0.153855,-0.34402

0.251811,0.260429
-0.393793,0.0808071
0.141982,-0.341236

0.261277,0.268263
-0.391264,0.0697916
0.129988,-0.338055

0.270482,0.275782
-0.388351,0.058698
0.117869,-0.33448

0.279428,0.28299
-0.385047,0.0475201
0.105619,-0.33051

0.288118,0.289894
-0.381348,0.0362504
0.0932295,-0.326145

0.296553,0.296501
-0.377243,0.0248796
0.0806895,-0.32138

0.304736,0.302816
-0.37272,0.0133966
0.0679845,-0.316213

0.312667,0.308847
-0.367764,0.00178828
0.0550965,-0.310635

0.32035,0.314599
-0.362353,-0.00996122
0.0420027,-0.304637

0.327786,0.320077
-0.356461,-0.0218708
0.0286751,-0.298206

0.334976,0.325288
-0.350054,-0.0339635
0.0150782,-0.291325

0.341923,0.330238
-0.34309,-0.0462673
0.00116713,-0.283971

0.348628,0.334932
-0.335513,-0.0588169
-0.0131158,-0.276115

0.355094,0.339375
-0.327247,-0.0716561
-0.0278463,-0.267719

0.36132,0.343572
-0.318194,-0.0848418
-0.0431264,-0.258731

0.36731,0.347529
-0.308211,-0.0984494
-0.0590987,-0.24908

0.373064,0.351251
-0.297091,-0.112583
-0.0759727,-0.238668

0.378584,0.354743
-0.284507,-0.127396
-0.0940772,-0.227346

0.383872,0.358008
-0.269888,-0.143127
-0.113984,-0.214882

0.388929,0.361053
-0.253203,-0.159664
-0.135726,-0.201389

0.393757,0.363883
-0.234936,-0.176631
-0.158821,-0.187252

0.398358,0.366501
-0.215607,-0.193636
-0.182751,-0.172865

0.402736,0.368914
-0.195761,-0.210283
-0.206975,-0.15863

0.406894,0.371126
-0.175951,-0.226185
-0.230942,-0.14494

0.410836,0.373141
-0.156729,-0.240968
-0.254107,-0.132173

0.414567,0.374965
-0.138626,-0.254287
-0.275941,-0.120678

0.418091,0.376601
-0.122146,-0.265828
-0.295945,-0.110773

0.421414,0.378053
-0.10695,-0.276034
-0.314464,-0.10202

0.424539,0.379324
-0.0927099,-0.285253
-0.331829,-0.0940714

0.427471,0.380418
-0.0792166,-0.293695
-0.348254,-0.0867229

0.430214,0.381336
-0.0663266,-0.301495
-0.363888,-0.0798407

0.432772,0.382081
-0.0539366,-0.308748
-0.378836,-0.0733328

0.435149,0.382655
-0.0419691,-0.315522
-0.39318,-0.067133

0.437348,0.38306
-0.0303638,-0.321868
-0.406984,-0.0611914

0.439372,0.383297
-0.0190732,-0.327827
-0.420299,-0.05547

0.441226,0.383368
-0.0080588,-0.333429
-0.433167,-0.0499386

0.442911,0.383274
0.00271118,-0.338701
-0.445622,-0.0445731

0.44443,0.383016
0.0132632,-0.343662
-0.457693,-0.0393538

0.445787,0.382595
0.0236195,-0.348331
-0.469406,-0.0342644

0.446983,0.382011
0.0337991,-0.35272
-0.480782,-0.0292911

0.448022,0.381266
0.0438186,-0.356843
-0.49184,-0.0244227

0.448905,0.380358
0.0536921,-0.360709
-0.502597,-0.019649

0.449635,0.379289
0.0634321,-0.364328
-0.513067,-0.0149618

0.450214,0.378059
0.0730495,-0.367706
-0.523264,-0.0103535

0.450644,0.376667
0.0825541,-0.37085
-0.533198,-0.00581793

0.450926,0.375114
0.0919544,-0.373765
-0.542881,-0.00134934

0.451063,0.373398
0.101258,-0.376456
-0.552321,0.00305721

0.451057,0.37152
0.110472,-0.378926
-0.561529,0.00740612

0.450908,0.369479
0.119603,-0.38118
-0.570511,0.0117013

0.450618,0.367273
0.128656,-0.383219
-0.579274,0.0159463

0.45019,0.364902
0.137636,-0.385046
-0.587826,0.0201441

0.449624,0.362365
0.146548,-0.386663
-0.596171,0.0242977

0.448921,0.359661
0.155396,-0.388071
-0.604317,0.0284095

0.448084,0.356788
0.164183,-0.38927
-0.612268,0.032482

0.447113,0.353744
0.172914,-0.390261
-0.620028,0.036517

0.44601,0.350528
0.181592,-0.391045
-0.627602,0.0405167

0.444776,0.347138
0.190218,-0.391621
-0.634994,0.0444825

0.443412,0.343572
0.198797,-0.391988
-0.642209,0.0484162

0.441919,0.339827
0.20733,-0.392146
-0.649249,0.0523192

0.440298,0.3359
0.215819,-0.392093
-0.656117,0.0561927

0.438551,0.33179
0.224266,-0.391828
-0.662818,0.060038

0.436679,0.327493
0.232673,-0.391349
-0.669353,0.0638561

0.434683,0.323006
0.241042,-0.390654
-0.675725,0.0676479

0.432563,0.318325
0.249374,-0.389739
-0.681937,0.0714145

0.430322,0.313446
0.257669,-0.388602
-0.687991,0.0751566

0.427961,0.308365
0.265929,-0.38724
-0.69389,0.0788749

0.42548,0.303079
0.274155,-0.385649
-0.699635,0.0825702

0.422881,0.297581
0.282346,-0.383824
-0.705227,0.0862429

0.420166,0.291867
0.290504,-0.381761
-0.71067,0.0898938

0.417337,0.285931
0.298628,-0.379454
-0.715965,0.0935231

0.414394,0.279767
0.306718,-0.376898
-0.721112,0.0971314

0.41134,0.273368
0.314774,-0.374087
-0.726114,0.100719

0.408177,0.266726
0.322795,-0.371013
-0.730972,0.104286

0.404907,0.259835
0.33078,-0.367669
-0.735686,0.107833

0.401533,0.252685
0.338727,-0.364046
-0.740259,0.111361

0.398057,0.245267
0.346634,-0.360135
-0.744691,0.114868

0.394484,0.23757
0.3545,-0.355927
-0.748983,0.118356

0.390816,0.229584
0.362321,-0.351408
-0.753137,0.121824

0.387058,0.221295
0.370094,-0.346569
-0.757152,0.125273

0.383216,0.21269
0.377814,-0.341393
-0.76103,0.128703

0.379294,0.203754
0.385477,-0.335867
-0.764771,0.132113

0.375301,0.19447
0.393075,-0.329973
-0.768376,0.135503

0.371243,0.184819
0.400602,-0.323692
-0.771846,0.138873

0.367132,0.174781
0.408048,-0.317004
-0.77518,0.142223

0.362978,0.16433
0.415403,-0.309883
-0.778381,0.145553

0.358796,0.153442
0.422652,-0.302305
-0.781447,0.148863

0.354602,0.142086
0.429778,-0.294237
-0.78438,0.152151

0.350418,0.130228
0.436762,-0.285646
-0.78718,0.155418

0.346269,0.117829
0.443578,-0.276492
-0.789847,0.158664

0.342188,0.104844
0.450193,-0.266731
-0.792381,0.161887

0.338216,0.0912214
0.456567,-0.256309
-0.794783,0.165087

0.334406,0.0769018
0.462648,-0.245166
-0.797054,0.168265

0.330826,0.0618153
0.468367,-0.233233
-0.799193,0.171418

0.327568,0.045881
0.473633,-0.220427
-0.801201,0.174546

0.324754,0.0290051
0.478324,-0.206654
-0.803079,0.177649

0.322554,0.0110804
0.482272,-0.191807
-0.804826,0.180726

0.321205,-0.00801137
0.485239,-0.175765
-0.806444,0.183776

0.321051,-0.0283892
0.486882,-0.158409
-0.807933,0.186798

0.322595,-0.0501423
0.486699,-0.13965
-0.809294,0.189792

0.326117,-0.0729988
0.48441,-0.119758
-0.810527,0.192757

0.331546,-0.0964231
0.480088,-0.0992681
-0.811634,0.195691

0.338763,-0.119865
0.473854,-0.0787301
-0.812616,0.198595

0.3476,-0.142774
0.465874,-0.0586941
-0.813475,0.201468

0.357851,-0.164613
0.456359,-0.0396975
-0.81421,0.204311

0.36927,-0.184871
0.445553,-0.022251
-0.814823,0.207122

0.381581,-0.203075
0.433735,-0.00682639
-0.815316,0.209901

0.394456,-0.218915
0.421232,0.00626502
-0.815688,0.21265

0.407504,-0.232804
0.408436,0.0174359
-0.81594,0.215368

0.420502,-0.245076
0.395571,0.0270202
-0.816073,0.218056

0.433325,-0.255994
0.382762,0.035281
-0.816086,0.220713

0.445899,-0.265764
0.370081,0.0424248
-0.815981,0.22334

0.458186,-0.274551
0.357569,0.0486152
-0.815755,0.225936

0.470163,-0.282485
0.345247,0.0539826
-0.81541,0.228502

0.481821,-0.289672
0.333123,0.0586332
-0.814944,0.231039

0.493159,-0.296198
0.321199,0.0626535
-0.814357,0.233545

0.504176,-0.302136
0.309473,0.0661155
-0.813649,0.236021

0.514879,-0.307546
0.29794,0.0690797
-0.812819,0.238466

0.525273,-0.312479
0.286592,0.0715971
-0.811865,0.240882

0.535364,-0.316978
0.275423,0.0737115
-0.810787,0.243267

0.545161,-0.321081
0.264424,0.0754606
-0.809584,0.24562

0.554669,-0.32482
0.253586,0.0768771
-0.808255,0.247943

0.563898,-0.328224
0.2429,0.0779899
-0.806798,0.250235

0.572854,-0.331318
0.232359,0.0788243
-0.805213,0.252494

0.581544,-0.334124
0.221953,0.0794028
-0.803497,0.254721

0.589974,-0.336661
0.211675,0.0797457
-0.801649,0.256915

0.598152,-0.338947
0.201516,0.0798709
-0.799668,0.259076

0.606084,-0.340998
0.191468,0.079795
-0.797552,0.261203

0.613775,-0.342828
0.181525,0.0795328
-0.7953,0.263295

0.621231,-0.344449
0.171678,0.0790979
-0.792909,0.265351

0.628458,-0.345875
0.16192,0.0785029
-0.790378,0.267372

0.63546,-0.347114
0.152243,0.0777595
-0.787704,0.269355

0.642243,-0.348178
0.142642,0.0768782
-0.784885,0.271299

0.648811,-0.349074
0.133109,0.0758691
-0.78192,0.273205

0.655168,-0.349812
0.123637,0.0747418
-0.778805,0.27507

0.661319,-0.350398
0.114219,0.0735049
-0.775539,0.276893

0.667268,-0.35084
0.10485,0.0721669
-0.772118,0.278673

0.673018,-0.351145
0.0955218,0.0707357
-0.76854,0.280409

0.678574,-0.351318
0.0862288,0.0692191
-0.764803,0.282099

0.683938,-0.351365
0.0769642,0.0676243
-0.760902,0.283741

0.689114,-0.351292
0.0677216,0.0659584
-0.756836,0.285334

0.694105,-0.351103
0.0584944,0.0642283
-0.7526,0.286875

0.698914,-0.350803
0.0492762,0.0624408
-0.748191,0.288362

0.703545,-0.350396
0.0400602,0.0606024
-0.743605,0.289794

0.707999,-0.349887
0.0308398,0.0587196
-0.738839,0.291167

0.71228,-0.349279
0.0216082,0.056799
-0.733888,0.29248

0.71639,-0.348576
0.0123585,0.054847
-0.728749,0.293729

0.720332,-0.347781
0.00308357,0.0528701
-0.723416,0.294911

0.724108,-0.346897
-0.0062238,0.0508748
-0.717884,0.296022

0.727721,-0.345928
-0.0155711,0.0488678
-0.712149,0.29706

0.731171,-0.344876
-0.0249659,0.046856
-0.706206,0.29802

0.734463,-0.343745
-0.0344164,0.0448464
-0.700047,0.298899

0.737598,-0.342536
-0.0439306,0.0428462
-0.693667,0.29969

0.740577,-0.341252
-0.0535172,0.0408632
-0.68706,0.300389

0.743403,-0.339896
-0.0631852,0.0389051
-0.680218,0.300991

0.746078,-0.338469
-0.072944,0.0369806
-0.673134,0.301489

0.748603,-0.336974
-0.0828035,0.0350984
-0.665799,0.301876

0.75098,-0.335413
-0.0927743,0.0332682
-0.658205,0.302145

0.753211,-0.333787
-0.102867,0.0315004
-0.650343,0.302287

0.755297,-0.332099
-0.113094,0.029806
-0.642203,0.302293

0.757241,-0.330349
-0.123468,0.0281975
-0.633772,0.302152

